Credit_History,Gender_Female,Gender_Male,Married_No,Married_Yes,Dependents_0,Dependents_1,Dependents_2,Dependents_3+,Education_Graduate,Education_Not Graduate,Self_Employed_No,Self_Employed_Yes,Property_Area_Rural,Property_Area_Semiurban,Property_Area_Urban,Total_Income,Total_Income_log,EMI,Balance_Income,Loan_ID,Loan_Status
1.0,0,1,1,0,1,0,0,0,1,0,1,0,0,0,1,5849.0,8.674025985443025,0.35555555555555557,5493.444444444444,LP001002,1
1.0,0,1,0,1,0,1,0,0,1,0,1,0,1,0,0,6091.0,8.714567550836485,0.35555555555555557,5735.444444444444,LP001003,0
1.0,0,1,0,1,1,0,0,0,1,0,0,1,0,0,1,3000.0,8.006367567650246,0.18333333333333332,2816.6666666666665,LP001005,1
1.0,0,1,0,1,1,0,0,0,0,1,1,0,0,0,1,4941.0,8.50532301884575,0.3333333333333333,4607.666666666667,LP001006,1
1.0,0,1,1,0,1,0,0,0,1,0,1,0,0,0,1,6000.0,8.699514748210191,0.39166666666666666,5608.333333333333,LP001008,1
1.0,0,1,0,1,0,0,1,0,1,0,0,1,0,0,1,9613.0,9.170871628065816,0.7416666666666667,8871.333333333334,LP001011,1
1.0,0,1,0,1,1,0,0,0,0,1,1,0,0,0,1,3849.0,8.255568653283746,0.2638888888888889,3585.1111111111113,LP001013,1
0.0,0,1,0,1,0,0,0,1,1,0,1,0,0,1,0,5540.0,8.61974977974133,0.4388888888888889,5101.111111111111,LP001014,0
1.0,0,1,0,1,0,0,1,0,1,0,1,0,0,0,1,5532.0,8.61830469278465,0.4666666666666667,5065.333333333333,LP001018,1
1.0,0,1,0,1,0,1,0,0,1,0,1,0,0,1,0,23809.0,10.077818939438902,0.9694444444444444,22839.555555555555,LP001020,0
1.0,0,1,0,1,0,0,1,0,1,0,1,0,0,0,1,3900.0,8.268731832117737,0.19444444444444445,3705.5555555555557,LP001024,1
1.0,0,1,0,1,0,0,1,0,1,0,1,0,0,0,1,4340.0,8.375629627094451,0.30277777777777776,4037.222222222222,LP001027,1
1.0,0,1,0,1,0,0,1,0,1,0,1,0,0,0,1,11179.0,9.321792297270326,0.5555555555555556,10623.444444444445,LP001028,1
1.0,0,1,1,0,1,0,0,0,1,0,1,0,1,0,0,4693.0,8.453827315794417,0.31666666666666665,4376.333333333333,LP001029,0
1.0,0,1,0,1,0,0,1,0,1,0,1,0,0,0,1,2385.0,7.776954403322442,0.14166666666666666,2243.3333333333335,LP001030,1
1.0,0,1,1,0,1,0,0,0,1,0,1,0,0,0,1,4950.0,8.507142855562735,0.3472222222222222,4602.777777777777,LP001032,1
1.0,0,1,1,0,0,1,0,0,0,1,1,0,0,0,1,3596.0,8.18757739559151,0.4166666666666667,3179.3333333333335,LP001034,1
0.0,1,0,1,0,1,0,0,0,1,0,1,0,0,0,1,3510.0,8.163371316459912,0.2111111111111111,3298.8888888888887,LP001036,0
1.0,0,1,0,1,1,0,0,0,0,1,1,0,1,0,0,4887.0,8.494333897270154,0.36944444444444446,4517.555555555556,LP001038,0
1.0,0,1,0,1,1,0,0,0,1,0,1,0,0,0,1,6100.0,8.716044050161402,0.3194444444444444,5780.555555555556,LP001041,1
0.0,0,1,0,1,1,0,0,0,0,1,1,0,0,0,1,7660.0,8.943767262734637,0.28888888888888886,7371.111111111111,LP001043,0
1.0,0,1,0,1,0,1,0,0,1,0,1,0,0,0,1,11580.0,9.357034751126987,0.875,10705.0,LP001046,1
0.0,0,1,0,1,1,0,0,0,0,1,1,0,0,1,0,4511.0,8.414274137408396,0.32222222222222224,4188.777777777777,LP001047,0
0.0,0,1,0,1,0,0,1,0,0,1,1,0,1,0,0,5282.0,8.572060092857077,0.3111111111111111,4970.888888888889,LP001050,0
1.0,0,1,0,1,0,1,0,0,1,0,1,0,0,1,0,6642.0,8.801168401936692,0.41944444444444445,6222.555555555556,LP001052,0
1.0,0,1,0,1,1,0,0,0,1,0,0,1,0,1,0,9560.0,9.165343006045447,0.5305555555555556,9029.444444444445,LP001066,1
1.0,0,1,0,1,1,0,0,0,1,0,1,0,0,1,0,5052.0,8.527539483470381,0.3388888888888889,4713.111111111111,LP001068,1
1.0,0,1,0,1,0,0,1,0,0,1,1,0,0,0,1,5266.0,8.569026340056254,0.3055555555555556,4960.444444444444,LP001073,1
1.0,0,1,1,0,1,0,0,0,0,1,1,0,0,0,1,1442.0,7.273786317844895,0.09722222222222222,1344.7777777777778,LP001086,0
1.0,1,0,1,0,0,0,1,0,1,0,1,0,0,1,0,5833.0,8.671286726753637,0.3333333333333333,5499.666666666667,LP001087,1
1.0,0,1,0,1,0,1,0,0,1,0,1,0,0,0,1,7535.0,8.927314111060596,0.5583333333333333,6976.666666666667,LP001091,0
1.0,0,1,1,0,1,0,0,0,1,0,1,0,0,0,1,3167.0,8.06054004653864,0.20555555555555555,2961.4444444444443,LP001095,0
1.0,0,1,1,0,0,1,0,0,1,0,0,1,1,0,0,4692.0,8.453614209773367,0.29444444444444445,4397.555555555556,LP001097,0
1.0,0,1,0,1,1,0,0,0,1,0,1,0,0,1,0,5167.0,8.550047528287184,0.31666666666666665,4850.333333333333,LP001098,1
1.0,0,1,1,0,0,0,0,1,1,0,1,0,1,0,0,15500.0,9.648595302907339,0.8888888888888888,14611.111111111111,LP001100,0
1.0,0,1,0,1,1,0,0,0,1,0,1,0,0,0,1,4342.0,8.376090350438238,0.35555555555555557,3986.4444444444443,LP001106,1
0.0,0,1,0,1,1,0,0,0,1,0,1,0,0,0,1,3158.0,8.057694194815587,0.2777777777777778,2880.222222222222,LP001109,0
1.0,1,0,0,1,1,0,0,0,1,0,1,0,0,1,0,5126.0,8.542080906924017,0.4,4726.0,LP001112,1
1.0,0,1,1,0,1,0,0,0,1,0,1,0,0,0,1,11376.0,9.339261152043022,0.5111111111111111,10864.888888888889,LP001114,1
1.0,0,1,1,0,1,0,0,0,0,1,1,0,0,1,0,5416.0,8.59711281459211,0.3055555555555556,5110.444444444444,LP001116,1
1.0,0,1,1,0,1,0,0,0,1,0,1,0,0,0,1,3600.0,8.1886891244442,0.2222222222222222,3377.777777777778,LP001119,0
1.0,0,1,1,0,1,0,0,0,1,0,1,0,0,0,1,3013.0,8.0106915391303,0.13055555555555556,2882.4444444444443,LP001120,1
1.0,0,1,0,1,1,0,0,0,1,0,1,0,0,0,1,2400.0,7.783224016336037,0.20833333333333334,2191.6666666666665,LP001123,1
1.0,0,1,0,1,1,0,0,0,1,0,1,0,0,1,0,6277.0,8.744647438317532,0.37222222222222223,5904.777777777777,LP001131,1
1.0,0,1,0,1,1,0,0,0,0,1,0,1,0,0,1,4695.0,8.454253391642363,0.26666666666666666,4428.333333333333,LP001136,1
1.0,1,0,1,0,1,0,0,0,1,0,1,0,0,0,1,3410.0,8.134467570277563,0.24444444444444444,3165.5555555555557,LP001137,1
1.0,0,1,0,1,0,1,0,0,1,0,1,0,0,0,1,5649.0,8.639233817325263,0.12222222222222222,5526.777777777777,LP001138,1
1.0,0,1,0,1,1,0,0,0,1,0,1,0,0,0,1,5821.0,8.669227347271736,0.4,5421.0,LP001144,1
0.0,1,0,0,1,1,0,0,0,1,0,1,0,0,0,1,6085.0,8.713582005421628,0.3333333333333333,5751.666666666667,LP001146,0
1.0,1,0,1,0,1,0,0,0,1,0,1,0,0,1,0,6275.0,8.744328763999984,0.4,5875.0,LP001151,1
1.0,1,0,0,1,1,0,0,0,0,1,1,0,0,1,0,3572.0,8.18088094199639,0.2777777777777778,3294.222222222222,LP001155,1
1.0,1,0,1,0,1,0,0,0,1,0,1,0,0,1,0,3086.0,8.034631032923107,0.3333333333333333,2752.6666666666665,LP001157,1
1.0,1,0,1,0,1,0,0,0,1,0,1,0,0,1,0,4230.0,8.349957272040324,0.3111111111111111,3918.8888888888887,LP001164,0
1.0,0,1,0,1,0,0,1,0,1,0,1,0,0,0,1,4616.0,8.437283808187935,0.37222222222222223,4243.777777777777,LP001179,0
0.0,1,0,0,1,0,1,0,0,1,0,0,1,0,0,1,11500.0,9.350102314351341,0.7944444444444444,10705.555555555555,LP001186,0
1.0,0,1,0,1,0,0,1,0,1,0,1,0,0,1,0,3875.0,8.262300941787448,0.26944444444444443,3605.5555555555557,LP001194,1
1.0,0,1,0,1,1,0,0,0,1,0,1,0,0,1,0,3723.0,8.222285073872717,0.26666666666666666,3456.3333333333335,LP001195,1
1.0,0,1,0,1,1,0,0,0,1,0,1,0,1,0,0,5566.0,8.624431942085836,0.375,5191.0,LP001197,0
1.0,0,1,0,1,0,1,0,0,1,0,1,0,0,0,1,10330.0,9.242807562113684,0.5,9830.0,LP001198,1
1.0,0,1,0,1,0,0,1,0,0,1,1,0,0,0,1,6216.0,8.734881892047483,0.4,5816.0,LP001199,1
1.0,0,1,0,1,1,0,0,0,1,0,1,0,0,0,1,6296.0,8.74766979009724,0.3333333333333333,5962.666666666667,LP001205,1
1.0,0,1,0,1,0,0,0,1,1,0,1,0,0,0,1,3029.0,8.015987811027237,0.275,2754.0,LP001206,1
0.0,0,1,0,1,1,0,0,0,0,1,0,1,1,0,0,6058.0,8.709134991587183,0.9166666666666666,5141.333333333333,LP001207,0
0.0,0,1,0,1,0,1,0,0,1,0,1,0,1,0,0,4945.0,8.506132244056813,0.35555555555555557,4589.444444444444,LP001213,0
0.0,1,0,1,0,1,0,0,0,1,0,1,0,0,1,0,4166.0,8.334711621820917,0.32222222222222224,3843.777777777778,LP001222,0
1.0,0,1,0,1,1,0,0,0,1,0,1,0,0,1,0,10321.0,9.241935933565934,0.7166666666666667,9604.333333333334,LP001225,0
0.0,0,1,1,0,1,0,0,0,0,1,1,0,0,0,1,5454.0,8.604104563405533,0.7,4754.0,LP001228,0
1.0,0,1,0,1,0,1,0,0,1,0,1,0,0,0,1,10750.0,9.28266103355581,0.8666666666666667,9883.333333333334,LP001233,1
1.0,0,1,0,1,0,0,0,1,0,1,0,1,0,0,1,7100.0,8.867850063029406,2.0833333333333335,5016.666666666666,LP001238,1
0.0,1,0,1,0,1,0,0,0,1,0,1,0,0,1,0,4300.0,8.366370301681654,0.37777777777777777,3922.222222222222,LP001241,0
1.0,0,1,0,1,1,0,0,0,1,0,1,0,0,0,1,6274.0,8.744169388750624,0.4777777777777778,5796.222222222223,LP001243,1
1.0,0,1,0,1,0,0,1,0,0,1,0,1,0,1,0,3750.0,8.229511118964457,0.26944444444444443,3480.5555555555557,LP001245,1
1.0,0,1,1,0,1,0,0,0,1,0,1,0,0,1,0,3500.0,8.160518247477505,0.27,3230.0,LP001248,1
0.0,0,1,0,1,0,0,0,1,0,1,1,0,0,1,0,4755.0,8.46695197497949,0.2638888888888889,4491.111111111111,LP001250,0
1.0,0,1,0,1,0,0,0,1,1,0,0,1,0,1,0,7040.0,8.859363449152088,0.5194444444444445,6520.555555555556,LP001253,1
1.0,0,1,1,0,1,0,0,0,1,0,1,0,0,0,1,3750.0,8.229511118964457,0.23541666666666666,3514.5833333333335,LP001255,0
1.0,0,1,1,0,1,0,0,0,1,0,1,0,0,0,1,8500.0,9.047821442478408,0.4888888888888889,8011.111111111111,LP001256,0
1.0,0,1,0,1,0,1,0,0,1,0,0,1,0,0,1,4022.0,8.299534570332597,0.3055555555555556,3716.4444444444443,LP001259,0
0.0,0,1,0,1,0,0,0,1,1,0,1,0,0,1,0,7167.0,8.877242435993919,0.6,6567.0,LP001263,0
1.0,0,1,0,1,0,0,0,1,0,1,0,1,0,1,0,5499.0,8.612321536507814,0.3611111111111111,5137.888888888889,LP001264,1
1.0,1,0,1,0,1,0,0,0,1,0,1,0,0,1,0,3846.0,8.254788926148725,0.30833333333333335,3537.6666666666665,LP001265,1
1.0,0,1,0,1,0,1,0,0,1,0,0,1,0,1,0,2395.0,7.781138509845015,0.35555555555555557,2039.4444444444443,LP001266,1
1.0,1,0,0,1,0,0,1,0,1,0,1,0,0,0,1,3259.0,8.089175678837561,0.4638888888888889,2795.1111111111113,LP001267,0
1.0,0,1,0,1,1,0,0,0,1,0,1,0,0,1,0,8250.0,9.017968479328726,0.7361111111111112,7513.888888888889,LP001273,0
1.0,0,1,0,1,0,1,0,0,1,0,1,0,0,0,1,3988.0,8.291045131081729,0.20833333333333334,3779.6666666666665,LP001275,1
1.0,0,1,1,0,1,0,0,0,1,0,1,0,0,1,0,4897.0,8.496378051702317,0.37777777777777777,4519.222222222223,LP001279,1
1.0,0,1,0,1,0,0,1,0,0,1,1,0,0,1,0,5333.0,8.581669210600602,0.275,5058.0,LP001280,1
1.0,0,1,0,1,1,0,0,0,1,0,1,0,0,1,0,4618.0,8.43771698991444,0.28888888888888886,4329.111111111111,LP001282,1
1.0,0,1,1,0,1,0,0,0,1,0,1,0,0,0,1,8566.0,9.055556158175316,0.5833333333333334,7982.666666666667,LP001289,1
1.0,0,1,0,1,1,0,0,0,1,0,1,0,0,1,0,9862.0,9.196444266784072,0.4861111111111111,9375.888888888889,LP001310,1
1.0,0,1,0,1,1,0,0,0,1,0,1,0,0,1,0,5858.0,8.675563527387679,0.3638888888888889,5494.111111111111,LP001316,1
1.0,0,1,0,1,0,0,1,0,1,0,1,0,0,1,0,11904.0,9.384629757072872,1.0444444444444445,10859.555555555555,LP001318,1
1.0,0,1,0,1,0,0,1,0,0,1,1,0,0,0,1,5093.0,8.535622326884605,0.225,4868.0,LP001319,1
1.0,0,1,1,0,1,0,0,0,1,0,1,0,0,1,0,4133.0,8.326758814511733,0.3388888888888889,3794.1111111111113,LP001322,1
1.0,0,1,1,0,1,0,0,0,0,1,1,0,0,1,0,3620.0,8.194229304819817,0.20833333333333334,3411.6666666666665,LP001325,1
1.0,0,1,1,0,1,0,0,0,1,0,1,0,0,0,1,6782.0,8.822027322685583,0.35555555555555557,6426.444444444444,LP001326,0
1.0,1,0,0,1,1,0,0,0,1,0,1,0,0,1,0,4786.0,8.47345026846832,0.38055555555555554,4405.444444444444,LP001327,1
1.0,0,1,0,1,1,0,0,0,1,0,1,0,0,1,0,2974.0,7.9976631270201,0.1388888888888889,2835.1111111111113,LP001333,1
1.0,0,1,0,1,1,0,0,0,0,1,1,0,0,1,0,4188.0,8.339978571990427,0.6388888888888888,3549.1111111111113,LP001334,1
1.0,0,1,0,1,1,0,0,0,1,0,1,0,0,1,0,5300.0,8.575462099540212,0.3638888888888889,4936.111111111111,LP001343,1
1.0,0,1,0,1,0,0,1,0,0,1,1,0,0,0,1,7551.0,8.929435283803425,0.7388888888888889,6812.111111111111,LP001345,1
1.0,0,1,1,0,1,0,0,0,1,0,1,0,0,1,0,8649.0,9.065198986306513,0.41944444444444445,8229.555555555555,LP001349,1
1.0,0,1,0,1,1,0,0,0,1,0,1,0,0,0,1,13650.0,9.521494800613105,0.35555555555555557,13294.444444444445,LP001350,1
1.0,0,1,0,1,1,0,0,0,1,0,1,0,0,1,0,8235.0,9.016148642611741,0.35555555555555557,7879.444444444444,LP001356,1
1.0,0,1,0,1,1,0,0,0,1,0,1,0,0,0,1,4570.0,8.42726848388825,0.4444444444444444,4125.555555555556,LP001357,1
1.0,0,1,0,1,0,1,0,0,1,0,1,0,0,0,1,4082.0,8.31434234336979,0.2777777777777778,3804.222222222222,LP001367,1
1.0,0,1,0,1,0,0,1,0,1,0,1,0,0,0,1,12543.0,9.436918020024674,0.625,11918.0,LP001369,1
1.0,0,1,1,0,1,0,0,0,0,1,1,0,1,0,0,7333.0,8.9001399880938,0.3333333333333333,6999.666666666667,LP001370,0
0.0,0,1,0,1,0,0,1,0,1,0,1,0,0,0,1,7400.0,8.909235279192261,0.6,6800.0,LP001379,0
1.0,0,1,0,1,0,0,0,1,0,1,1,0,0,1,0,2825.0,7.946263643580541,0.19583333333333333,2629.1666666666665,LP001384,1
1.0,0,1,1,0,1,0,0,0,1,0,1,0,0,0,1,5316.0,8.578476419833136,0.37777777777777777,4938.222222222223,LP001385,1
1.0,1,0,0,1,1,0,0,0,1,0,1,0,0,1,0,5262.0,8.568266461600238,0.3861111111111111,4875.888888888889,LP001387,1
0.0,0,1,0,1,1,0,0,0,0,1,1,0,1,0,0,7686.0,8.94715577112479,0.4222222222222222,7263.777777777777,LP001391,0
1.0,1,0,1,0,0,1,0,0,1,0,0,1,0,1,0,7451.0,8.916103530553727,0.35555555555555557,7095.444444444444,LP001392,1
1.0,0,1,1,0,1,0,0,0,1,0,1,0,0,1,0,5050.0,8.527143522269405,0.3277777777777778,4722.222222222223,LP001398,1
1.0,0,1,0,1,0,1,0,0,1,0,1,0,1,0,0,14583.0,9.587611745713565,1.0277777777777777,13555.222222222223,LP001401,1
1.0,1,0,0,1,1,0,0,0,1,0,1,0,0,1,0,5450.0,8.60337088765729,0.42777777777777776,5022.222222222223,LP001404,1
1.0,0,1,0,1,0,1,0,0,1,0,1,0,0,0,1,3612.0,8.192016914536875,0.2361111111111111,3375.8888888888887,LP001405,1
1.0,0,1,0,1,1,0,0,0,1,0,1,0,1,0,0,7710.0,8.950273466557375,0.4861111111111111,7223.888888888889,LP001421,0
1.0,1,0,1,0,1,0,0,0,1,0,1,0,0,0,1,10408.0,9.250330020192342,0.7194444444444444,9688.555555555555,LP001422,1
1.0,0,1,0,1,1,0,0,0,1,0,1,0,1,0,0,8334.0,9.0280988119824,0.5,7834.0,LP001426,1
1.0,1,0,1,0,1,0,0,0,1,0,1,0,0,1,0,4166.0,8.334711621820917,0.12222222222222222,4043.777777777778,LP001430,1
0.0,1,0,1,0,1,0,0,0,1,0,1,0,0,1,0,11117.0,9.316230747233615,0.38055555555555554,10736.444444444445,LP001431,1
1.0,0,1,0,1,0,0,1,0,1,0,1,0,0,1,0,2957.0,7.9919305198524775,0.225,2732.0,LP001432,1
1.0,0,1,0,1,1,0,0,0,0,1,1,0,1,0,0,6314.0,8.750524669117937,0.5388888888888889,5775.111111111111,LP001439,1
1.0,1,0,1,0,1,0,0,0,1,0,1,0,1,0,0,3692.0,8.213923595622743,0.25833333333333336,3433.6666666666665,LP001443,1
1.0,0,1,0,1,0,0,0,1,1,0,1,0,1,0,0,23803.0,10.077566902136047,1.0277777777777777,22775.222222222223,LP001448,1
1.0,0,1,1,0,1,0,0,0,1,0,1,0,1,0,0,5505.0,8.61341204915678,0.35555555555555557,5149.444444444444,LP001449,1
0.0,0,1,0,1,0,1,0,0,1,0,0,1,0,0,1,14363.0,9.572410734431823,0.8888888888888888,13474.111111111111,LP001451,0
1.0,0,1,0,1,1,0,0,0,1,0,1,0,1,0,0,8649.0,9.065198986306513,0.5055555555555555,8143.444444444444,LP001465,0
1.0,0,1,1,0,1,0,0,0,1,0,0,1,0,0,1,20166.0,9.91175329695316,1.3541666666666667,18811.833333333332,LP001469,1
1.0,0,1,1,0,1,0,0,0,1,0,1,0,0,0,1,3943.0,8.279697133877628,0.20555555555555555,3737.4444444444443,LP001473,1
1.0,0,1,1,0,1,0,0,0,1,0,1,0,0,1,0,2718.0,7.907651594711089,0.19444444444444445,2523.5555555555557,LP001478,1
1.0,0,1,0,1,1,0,0,0,1,0,0,1,0,1,0,3459.0,8.148734808937169,0.20833333333333334,3250.6666666666665,LP001482,1
1.0,0,1,1,0,1,0,0,0,1,0,1,0,0,1,0,4895.0,8.49596955496461,0.2833333333333333,4611.666666666667,LP001487,1
1.0,0,1,0,1,0,0,0,1,1,0,1,0,0,1,0,11750.0,9.371608519572305,0.8055555555555556,10944.444444444445,LP001488,0
1.0,1,0,0,1,1,0,0,0,1,0,1,0,1,0,0,4583.0,8.430109084509125,0.23333333333333334,4349.666666666667,LP001489,0
1.0,0,1,0,1,0,0,1,0,1,0,0,1,0,0,1,6816.0,8.827028068509152,0.24444444444444444,6571.555555555556,LP001491,1
0.0,0,1,1,0,1,0,0,0,1,0,1,0,0,1,0,14999.0,9.61573881119536,0.6722222222222223,14326.777777777777,LP001492,0
1.0,0,1,0,1,0,0,1,0,0,1,1,0,1,0,0,5630.0,8.635864721133736,0.35833333333333334,5271.666666666667,LP001493,0
1.0,0,1,0,1,0,0,1,0,1,0,1,0,1,0,0,7125.0,8.871365005136852,0.5138888888888888,6611.111111111111,LP001497,0
1.0,0,1,1,0,1,0,0,0,1,0,1,0,0,0,1,5417.0,8.597297435657898,0.4666666666666667,4950.333333333333,LP001498,1
1.0,0,1,1,0,1,0,0,0,1,0,0,1,0,1,0,6950.0,8.846496938558838,0.9722222222222222,5977.777777777777,LP001504,1
1.0,0,1,0,1,1,0,0,0,1,0,1,0,0,1,0,4732.0,8.462103225098277,0.3388888888888889,4393.111111111111,LP001507,1
1.0,0,1,0,1,0,0,1,0,1,0,1,0,0,0,1,11757.0,9.372204086867741,1.038888888888889,10718.111111111111,LP001508,1
1.0,1,0,0,1,1,0,0,0,1,0,1,0,0,1,0,6816.0,8.827028068509152,0.2777777777777778,6538.222222222223,LP001514,1
1.0,1,0,0,1,0,0,1,0,1,0,1,0,0,0,1,14866.0,9.60683200528524,0.19444444444444445,14671.555555555555,LP001516,1
1.0,0,1,0,1,0,1,0,0,1,0,1,0,0,0,1,2963.0,7.993957547573565,0.08333333333333333,2879.6666666666665,LP001518,1
1.0,1,0,1,0,1,0,0,0,1,0,1,0,1,0,0,11666.0,9.364433907313582,0.625,11041.0,LP001519,0
1.0,0,1,0,1,1,0,0,0,1,0,1,0,0,1,0,5690.0,8.646465527120377,0.3472222222222222,5342.777777777777,LP001520,1
0.0,0,1,1,0,1,0,0,0,1,0,1,0,1,0,0,6277.0,8.744647438317532,0.3277777777777778,5949.222222222223,LP001528,0
1.0,0,1,0,1,1,0,0,0,1,0,0,1,1,0,0,6327.0,8.752581469146884,0.4222222222222222,5904.777777777777,LP001529,1
1.0,0,1,1,0,1,0,0,0,1,0,1,0,0,0,1,9166.0,9.123256265069069,0.6777777777777778,8488.222222222223,LP001531,0
1.0,0,1,0,1,0,0,1,0,0,1,1,0,1,0,0,2281.0,7.732369222284388,0.3138888888888889,1967.111111111111,LP001532,0
1.0,0,1,1,0,1,0,0,0,1,0,1,0,0,0,1,3254.0,8.087640287778983,0.1388888888888889,3115.1111111111113,LP001535,1
0.0,0,1,0,1,0,0,0,1,1,0,1,0,0,1,0,39999.0,10.596609732783568,3.3333333333333335,36665.666666666664,LP001536,1
1.0,0,1,0,1,0,1,0,0,1,0,1,0,1,0,0,6000.0,8.699514748210191,0.4444444444444444,5555.555555555556,LP001541,1
1.0,0,1,0,1,0,1,0,0,1,0,1,0,0,0,1,9538.0,9.16303909885817,0.5194444444444445,9018.555555555555,LP001543,1
1.0,0,1,1,0,1,0,0,0,1,0,1,0,1,0,0,5063.0,8.529714471969909,0.3333333333333333,4729.666666666667,LP001546,1
1.0,0,1,0,1,1,0,0,0,1,0,1,0,0,1,0,10208.0,9.23092700558457,0.7083333333333334,9499.666666666666,LP001552,1
1.0,0,1,0,1,1,0,0,0,0,1,1,0,0,1,0,2904.0,7.973844375944687,0.2722222222222222,2631.777777777778,LP001560,1
1.0,0,1,0,1,1,0,0,0,1,0,1,0,0,0,1,7933.0,8.978786553302003,0.7638888888888888,7169.111111111111,LP001562,0
0.0,0,1,0,1,0,1,0,0,1,0,1,0,0,1,0,4369.0,8.382289428951436,0.33611111111111114,4032.8888888888887,LP001565,0
1.0,0,1,0,1,0,0,1,0,1,0,1,0,1,0,0,5614.0,8.633018756921828,0.4388888888888889,5175.111111111111,LP001570,1
1.0,0,1,0,1,1,0,0,0,1,0,1,0,0,0,1,9323.0,9.140239744296693,0.4166666666666667,8906.333333333334,LP001572,1
1.0,0,1,0,1,1,0,0,0,1,0,1,0,1,0,0,6873.0,8.835355971121606,0.5055555555555555,6367.444444444444,LP001574,1
1.0,1,0,0,1,1,0,0,0,1,0,1,0,1,0,0,4583.0,8.430109084509125,0.3111111111111111,4271.888888888889,LP001577,0
1.0,0,1,0,1,1,0,0,0,1,0,1,0,1,0,0,5772.0,8.660773919893762,0.35833333333333334,5413.666666666667,LP001578,1
0.0,0,1,1,0,1,0,0,0,1,0,1,0,0,1,0,2237.0,7.71289096149013,0.13125,2105.75,LP001579,0
1.0,0,1,0,1,0,0,1,0,1,0,1,0,0,1,0,8000.0,8.987196820661973,0.5555555555555556,7444.444444444444,LP001580,1
1.0,0,1,0,1,1,0,0,0,0,1,1,0,1,0,0,3589.0,8.185628891147607,0.2638888888888889,3325.1111111111113,LP001581,1
1.0,0,1,0,1,0,0,0,1,1,0,1,0,0,0,1,51763.0,10.854430887309706,2.3333333333333335,49429.666666666664,LP001585,1
1.0,0,1,0,1,0,0,0,1,0,1,1,0,1,0,0,3522.0,8.166784289056151,0.45,3072.0,LP001586,0
1.0,0,1,0,1,1,0,0,0,1,0,1,0,0,1,0,11333.0,9.335474102732949,0.5194444444444445,10813.555555555555,LP001594,1
1.0,0,1,0,1,1,0,0,0,0,1,0,1,0,1,0,5080.0,8.533066540572527,0.24166666666666667,4838.333333333333,LP001603,0
1.0,0,1,0,1,1,0,0,0,1,0,1,0,1,0,0,5461.0,8.605387202152153,0.32222222222222224,5138.777777777777,LP001606,1
1.0,0,1,0,1,0,0,1,0,1,0,1,0,1,0,0,3664.0,8.20631072579402,0.28055555555555556,3383.4444444444443,LP001608,1
0.0,0,1,0,1,0,0,0,1,1,0,1,0,0,1,0,16816.0,9.730086093116732,1.375,15441.0,LP001610,0
1.0,0,1,0,1,0,1,0,0,1,0,1,0,0,1,0,3750.0,8.229511118964457,0.32222222222222224,3427.777777777778,LP001616,1
0.0,0,1,1,0,1,0,0,0,0,1,1,0,0,0,1,3784.0,8.238536930171769,0.2125,3571.5,LP001630,0
0.0,0,1,0,1,0,1,0,0,1,0,1,0,0,0,1,13650.0,9.521494800613105,0.5,13150.0,LP001633,0
1.0,0,1,1,0,1,0,0,0,1,0,1,0,1,0,0,6979.0,8.850660919017152,0.18611111111111112,6792.888888888889,LP001634,0
1.0,0,1,0,1,1,0,0,0,1,0,1,0,0,1,0,4600.0,8.433811582477187,0.40555555555555556,4194.444444444444,LP001636,1
1.0,0,1,0,1,0,1,0,0,1,0,1,0,0,1,0,33846.0,10.429576102968031,0.7222222222222222,33123.77777777778,LP001637,0
1.0,1,0,0,1,1,0,0,0,1,0,1,0,0,1,0,3625.0,8.195609567288775,0.3,3325.0,LP001639,1
1.0,0,1,0,1,1,0,0,0,1,0,0,1,0,1,0,43897.0,10.689601259598334,0.3333333333333333,43563.666666666664,LP001640,1
0.0,0,1,0,1,0,1,0,0,1,0,0,1,1,0,0,2178.0,7.686162303492906,0.22,1958.0,LP001641,0
1.0,0,1,0,1,1,0,0,0,1,0,1,0,1,0,0,4521.0,8.416488487294606,0.16111111111111112,4359.888888888889,LP001643,1
1.0,0,1,0,1,1,0,0,0,1,0,0,1,1,0,0,5970.0,8.694502206386648,0.4666666666666667,5503.333333333333,LP001644,1
1.0,0,1,0,1,1,0,0,0,1,0,1,0,1,0,0,9328.0,9.140775908590273,1.0444444444444445,8283.555555555555,LP001647,1
1.0,0,1,1,0,1,0,0,0,0,1,1,0,1,0,0,4885.0,8.493924564476883,0.13333333333333333,4751.666666666667,LP001653,1
1.0,0,1,1,0,1,0,0,0,1,0,1,0,0,1,0,12000.0,9.392661928770137,0.45555555555555555,11544.444444444445,LP001656,0
1.0,0,1,0,1,1,0,0,0,0,1,1,0,0,0,1,6033.0,8.704999678440762,0.4444444444444444,5588.555555555556,LP001657,0
1.0,0,1,1,0,1,0,0,0,1,0,1,0,0,1,0,3858.0,8.257904193465674,0.2111111111111111,3646.8888888888887,LP001658,1
1.0,0,1,1,0,1,0,0,0,1,0,1,0,1,0,0,4191.0,8.340694647925071,0.3333333333333333,3857.6666666666665,LP001664,1
1.0,0,1,0,1,0,1,0,0,1,0,1,0,0,1,0,5708.0,8.649623978596727,0.4722222222222222,5235.777777777777,LP001665,0
1.0,0,1,1,0,1,0,0,0,1,0,1,0,1,0,0,12083.0,9.399554785027307,0.5194444444444445,11563.555555555555,LP001666,1
1.0,1,0,1,0,1,0,0,0,0,1,1,0,0,0,1,4272.0,8.35983738064003,0.3333333333333333,3938.6666666666665,LP001669,1
1.0,1,0,0,1,1,0,0,0,1,0,1,0,0,1,0,6232.0,8.737452587550584,0.3138888888888889,5918.111111111111,LP001671,1
1.0,0,1,1,0,1,0,0,0,1,0,0,1,0,0,1,11000.0,9.305650551780507,0.23055555555555557,10769.444444444445,LP001673,0
1.0,0,1,0,1,0,1,0,0,0,1,1,0,0,1,0,5100.0,8.536995818712418,0.25,4850.0,LP001674,1
0.0,0,1,1,0,0,0,1,0,1,0,1,0,0,1,0,4923.0,8.5016733797582,0.46111111111111114,4461.888888888889,LP001677,1
1.0,0,1,0,1,0,0,0,1,0,1,1,0,0,0,1,3992.0,8.292047637431354,0.7111111111111111,3280.8888888888887,LP001682,0
1.0,0,1,0,1,0,1,0,0,0,1,1,0,0,0,1,4583.0,8.430109084509125,0.375,4208.0,LP001688,1
1.0,0,1,0,1,0,0,1,0,0,1,1,0,0,1,0,3917.0,8.27308133366583,0.34444444444444444,3572.5555555555557,LP001691,1
1.0,1,0,1,0,1,0,0,0,0,1,1,0,0,1,0,4408.0,8.391176350832751,0.3333333333333333,4074.6666666666665,LP001692,1
1.0,1,0,1,0,1,0,0,0,1,0,1,0,0,0,1,3244.0,8.084562415235304,0.2222222222222222,3021.777777777778,LP001693,1
1.0,0,1,1,0,1,0,0,0,0,1,1,0,1,0,0,6506.0,8.780480107033297,0.1527777777777778,6353.222222222223,LP001698,1
1.0,0,1,1,0,1,0,0,0,1,0,1,0,0,0,1,2479.0,7.8156105320351905,0.1638888888888889,2315.1111111111113,LP001699,1
1.0,0,1,1,0,1,0,0,0,1,0,1,0,0,1,0,3418.0,8.136810863675537,0.3527777777777778,3065.222222222222,LP001702,0
1.0,1,0,1,0,1,0,0,0,1,0,1,0,0,1,0,10000.0,9.210340371976184,0.5944444444444444,9405.555555555555,LP001708,0
0.0,0,1,0,1,0,0,0,1,1,0,1,0,0,1,0,4680.0,8.451053388911692,0.35555555555555557,4324.444444444444,LP001711,0
1.0,0,1,0,1,0,1,0,0,1,0,0,1,0,0,1,7787.0,8.960210955576986,0.6666666666666666,7120.333333333333,LP001713,1
1.0,0,1,0,1,0,0,0,1,0,1,0,1,1,0,0,5703.0,8.648747631156539,0.3611111111111111,5341.888888888889,LP001715,1
1.0,0,1,0,1,1,0,0,0,1,0,1,0,0,0,1,6194.0,8.731336360533149,0.38055555555555554,5813.444444444444,LP001716,1
1.0,0,1,0,1,0,0,0,1,0,1,1,0,0,1,0,4833.0,8.483222671845084,0.2777777777777778,4555.222222222223,LP001720,1
1.0,0,1,0,1,1,0,0,0,1,0,1,0,1,0,0,1950.0,7.575584651557793,0.375,1575.0,LP001722,0
1.0,0,1,0,1,1,0,0,0,1,0,1,0,0,1,0,5502.0,8.61286694148452,0.3638888888888889,5138.111111111111,LP001726,1
0.0,0,1,0,1,0,0,1,0,1,0,1,0,0,1,0,5000.0,8.517193191416238,0.2,4800.0,LP001732,0
1.0,1,0,0,1,0,0,1,0,1,0,1,0,0,1,0,6666.0,8.804775258867686,0.3527777777777778,6313.222222222223,LP001734,1
0.0,0,1,0,1,1,0,0,0,1,0,1,0,0,0,1,2221.0,7.7057128238944275,0.16666666666666666,2054.3333333333335,LP001736,0
1.0,0,1,0,1,0,0,1,0,1,0,1,0,0,1,0,5726.0,8.65277248565806,0.32222222222222224,5403.777777777777,LP001743,1
1.0,0,1,1,0,1,0,0,0,1,0,1,0,0,1,0,5762.0,8.659039915644474,0.4,5362.0,LP001744,1
1.0,0,1,0,1,1,0,0,0,1,0,1,0,0,1,0,8588.0,9.058121158998672,0.4861111111111111,8101.888888888889,LP001749,1
1.0,0,1,0,1,1,0,0,0,1,0,1,0,0,1,0,6250.0,8.740336742730447,0.35555555555555557,5894.444444444444,LP001750,1
1.0,0,1,0,1,1,0,0,0,1,0,1,0,1,0,0,3250.0,8.086410275323782,0.4722222222222222,2777.777777777778,LP001751,0
1.0,0,1,0,1,1,0,0,0,0,1,0,1,0,0,1,4735.0,8.462737005620179,0.38333333333333336,4351.666666666667,LP001754,0
1.0,0,1,0,1,0,0,1,0,1,0,1,0,0,1,0,7945.0,8.980298078970817,0.5833333333333334,7361.666666666667,LP001758,1
1.0,0,1,0,1,1,0,0,0,1,0,1,0,0,1,0,4758.0,8.467582690862903,0.32916666666666666,4428.833333333333,LP001760,1
1.0,0,1,1,0,1,0,0,0,1,0,0,1,1,0,0,6400.0,8.764053269347762,0.5555555555555556,5844.444444444444,LP001761,1
1.0,0,1,0,1,0,1,0,0,1,0,1,0,0,1,0,4545.0,8.421783006611578,0.28888888888888886,4256.111111111111,LP001765,1
1.0,0,1,0,1,1,0,0,0,1,0,1,0,1,0,0,3716.0,8.22040309993373,0.23333333333333334,3482.6666666666665,LP001768,1
1.0,0,1,1,0,1,0,0,0,0,1,1,0,1,0,0,5787.0,8.663369301573839,0.3333333333333333,5453.666666666667,LP001770,1
1.0,1,0,1,0,1,0,0,0,1,0,1,0,0,1,0,8333.0,9.027978814382207,0.7777777777777778,7555.222222222223,LP001776,1
1.0,0,1,0,1,0,1,0,0,1,0,1,0,0,1,0,4934.0,8.503905297089302,0.3888888888888889,4545.111111111111,LP001778,1
1.0,0,1,0,1,0,1,0,0,1,0,1,0,1,0,0,6760.0,8.81877816903701,0.4722222222222222,6287.777777777777,LP001784,1
1.0,0,1,0,1,1,0,0,0,1,0,1,0,0,0,1,5746.0,8.656259239539235,0.7083333333333334,5037.666666666667,LP001786,0
1.0,1,0,1,0,1,0,0,0,1,0,0,1,0,0,1,3463.0,8.149890544402423,0.3388888888888889,3124.1111111111113,LP001788,1
1.0,1,0,1,0,0,1,0,0,1,0,1,0,1,0,0,3812.0,8.245909264774093,0.3111111111111111,3500.8888888888887,LP001790,1
1.0,0,1,0,1,0,1,0,0,1,0,1,0,0,1,0,3315.0,8.106212902619962,0.26666666666666666,3048.3333333333335,LP001792,1
1.0,0,1,0,1,0,0,1,0,1,0,1,0,1,0,0,10819.0,9.289059126687574,0.3333333333333333,10485.666666666666,LP001798,1
1.0,0,1,0,1,0,1,0,0,0,1,1,0,0,0,1,4493.0,8.41027590907016,0.7777777777777778,3715.222222222222,LP001800,0
1.0,0,1,1,0,1,0,0,0,1,0,1,0,0,0,1,8666.0,9.067162602299854,2.5833333333333335,6082.666666666666,LP001806,1
1.0,0,1,0,1,0,0,1,0,1,0,0,1,1,0,0,7550.0,8.92930284224307,0.3,7250.0,LP001807,1
1.0,0,1,0,1,1,0,0,0,0,1,1,0,0,1,0,7823.0,8.96482339168508,0.3416666666666667,7481.333333333333,LP001811,1
1.0,0,1,1,0,1,0,0,0,1,0,0,1,0,0,1,10383.0,9.247925132303454,0.6666666666666666,9716.333333333334,LP001813,0
1.0,0,1,0,1,0,0,1,0,1,0,1,0,0,0,1,9703.0,9.1801903950253,0.3111111111111111,9391.888888888889,LP001814,1
1.0,0,1,0,1,0,1,0,0,0,1,1,0,0,0,1,6608.0,8.796036315200814,0.7611111111111111,5846.888888888889,LP001819,1
1.0,0,1,0,1,0,1,0,0,1,0,1,0,0,1,0,4725.0,8.460622839927844,0.25625,4468.75,LP001824,1
1.0,0,1,0,1,1,0,0,0,1,0,1,0,0,0,1,3677.0,8.209852481301272,0.25,3427.0,LP001825,1
0.0,0,1,0,1,1,0,0,0,0,1,1,0,0,1,0,5558.0,8.62299361030245,0.5583333333333333,4999.666666666667,LP001835,0
1.0,1,0,1,0,0,0,1,0,1,0,1,0,0,0,1,3427.0,8.139440521874608,0.38333333333333336,3043.6666666666665,LP001836,0
1.0,0,1,1,0,1,0,0,0,0,1,0,1,1,0,0,4750.0,8.465899897028686,0.28888888888888886,4461.111111111111,LP001841,1
1.0,0,1,0,1,0,1,0,0,0,1,1,0,0,1,0,9762.0,9.186252576447092,1.55,8212.0,LP001843,1
0.0,0,1,1,0,1,0,0,0,1,0,0,1,0,0,1,16250.0,9.695848187757884,0.5333333333333333,15716.666666666666,LP001844,0
1.0,1,0,1,0,0,0,0,1,1,0,1,0,1,0,0,3083.0,8.03365842788615,0.7083333333333334,2374.6666666666665,LP001846,1
0.0,0,1,1,0,1,0,0,0,0,1,1,0,1,0,0,6045.0,8.706986763048892,0.3194444444444444,5725.555555555556,LP001849,0
1.0,0,1,0,1,0,0,0,1,1,0,1,0,0,0,1,5250.0,8.565983355585669,0.2611111111111111,4988.888888888889,LP001854,0
1.0,0,1,0,1,1,0,0,0,1,0,1,0,1,0,0,16783.0,9.72812174830818,0.8444444444444444,15938.555555555555,LP001859,0
1.0,0,1,0,1,0,0,0,1,0,1,1,0,0,1,0,4931.0,8.503297086224126,0.35555555555555557,4575.444444444444,LP001864,0
1.0,0,1,0,1,0,1,0,0,1,0,1,0,0,0,1,10333.0,9.243097936214355,0.9166666666666666,9416.333333333334,LP001865,1
1.0,0,1,1,0,1,0,0,0,1,0,1,0,0,1,0,4269.0,8.359134886757962,0.37222222222222223,3896.777777777778,LP001868,1
1.0,1,0,1,0,0,1,0,0,1,0,1,0,0,1,0,3481.0,8.15507488781144,4.305555555555555,-824.5555555555557,LP001870,0
1.0,1,0,1,0,1,0,0,0,1,0,1,0,1,0,0,7200.0,8.881836305004146,0.3333333333333333,6866.666666666667,LP001871,1
1.0,0,1,1,0,1,0,0,0,1,0,0,1,0,1,0,5166.0,8.549853973655786,0.35555555555555557,4810.444444444444,LP001872,1
1.0,0,1,1,0,1,0,0,0,1,0,1,0,1,0,0,7542.0,8.928242677818302,0.41944444444444445,7122.555555555556,LP001875,1
1.0,0,1,0,1,0,0,1,0,1,0,1,0,0,1,0,6095.0,8.715224041915372,0.4166666666666667,5678.333333333333,LP001877,1
0.0,0,1,0,1,0,0,0,1,1,0,1,0,0,0,1,6144.0,8.723231274827508,0.4444444444444444,5699.555555555556,LP001882,1
1.0,1,0,1,0,1,0,0,0,1,0,1,0,1,0,0,3418.0,8.136810863675537,0.375,3043.0,LP001883,0
1.0,1,0,1,0,0,1,0,0,1,0,1,0,0,0,1,4436.0,8.397508348470257,0.25,4186.0,LP001884,1
1.0,1,0,1,0,1,0,0,0,1,0,1,0,0,0,1,3237.0,8.082402253926244,0.08333333333333333,3153.6666666666665,LP001888,1
1.0,0,1,0,1,1,0,0,0,1,0,1,0,0,0,1,11146.0,9.318835968129482,0.37777777777777777,10768.222222222223,LP001891,1
1.0,0,1,1,0,1,0,0,0,1,0,1,0,1,0,0,4690.0,8.453187861440325,0.35,4340.0,LP001892,1
1.0,0,1,0,1,1,0,0,0,1,0,1,0,0,1,0,4843.0,8.48528964240323,0.4166666666666667,4426.333333333333,LP001894,1
1.0,0,1,0,1,0,0,1,0,1,0,1,0,0,1,0,3900.0,8.268731832117737,0.25,3650.0,LP001896,1
1.0,0,1,0,1,0,1,0,0,1,0,1,0,0,1,0,4592.0,8.432070937999402,0.3194444444444444,4272.555555555556,LP001900,1
1.0,0,1,0,1,1,0,0,0,1,0,1,0,0,1,0,7267.0,8.891098830616636,0.575,6692.0,LP001903,1
1.0,0,1,0,1,1,0,0,0,1,0,1,0,0,0,1,4403.0,8.390041405755754,0.2222222222222222,4180.777777777777,LP001904,1
1.0,0,1,0,1,1,0,0,0,1,0,1,0,0,1,0,14583.0,9.587611745713565,1.211111111111111,13371.888888888889,LP001907,1
1.0,1,0,0,1,1,0,0,0,0,1,1,0,1,0,0,4100.0,8.318742252692399,0.34444444444444444,3755.5555555555557,LP001908,1
0.0,0,1,1,0,0,1,0,0,0,1,0,1,0,0,1,6479.0,8.776321456449958,0.4388888888888889,6040.111111111111,LP001910,0
1.0,0,1,0,1,1,0,0,0,1,0,1,0,0,1,0,4727.0,8.461046030793236,0.3111111111111111,4415.888888888889,LP001914,1
1.0,0,1,0,1,0,0,1,0,1,0,1,0,0,0,1,3286.7999878,8.097669722345216,0.43333333333333335,2853.4666544666666,LP001915,1
1.0,1,0,1,0,1,0,0,0,1,0,1,0,0,0,1,3477.0,8.153925132007862,0.15,3327.0,LP001917,1
1.0,0,1,0,1,1,0,0,0,1,0,1,0,1,0,0,20667.0,9.936293504261306,0.35555555555555557,20311.444444444445,LP001922,0
1.0,0,1,1,0,1,0,0,0,1,0,1,0,1,0,0,6211.0,8.734077192559303,0.24722222222222223,5963.777777777777,LP001924,1
1.0,1,0,1,0,1,0,0,0,1,0,0,1,0,1,0,4317.0,8.370315995555478,0.33,3987.0,LP001925,0
1.0,0,1,0,1,1,0,0,0,1,0,1,0,1,0,0,5704.0,8.648922962094131,0.3333333333333333,5370.666666666667,LP001926,1
1.0,1,0,1,0,1,0,0,0,1,0,1,0,0,1,0,4124.0,8.32457884513685,0.3194444444444444,3804.5555555555557,LP001931,1
1.0,0,1,1,0,1,0,0,0,1,0,1,0,1,0,0,9508.0,9.159888828480085,0.5194444444444445,8988.555555555555,LP001935,1
1.0,0,1,0,1,1,0,0,0,1,0,1,0,1,0,0,5491.0,8.610865667278873,0.3861111111111111,5104.888888888889,LP001936,1
0.0,0,1,0,1,0,0,1,0,1,0,1,0,0,1,0,4400.0,8.389359819906353,0.3527777777777778,4047.222222222222,LP001938,0
1.0,0,1,0,1,0,0,1,0,1,0,1,0,0,0,1,4713.0,8.45807992692373,0.37222222222222223,4340.777777777777,LP001940,1
0.0,1,0,1,0,1,0,0,0,1,0,1,0,0,0,1,5417.0,8.597297435657898,0.29791666666666666,5119.083333333333,LP001945,0
1.0,0,1,0,1,1,0,0,0,1,0,1,0,0,1,0,5717.0,8.651199471263972,0.4777777777777778,5239.222222222223,LP001947,1
1.0,0,1,0,1,0,0,0,1,1,0,1,0,0,0,1,5666.0,8.642238680390461,0.3055555555555556,5360.444444444444,LP001949,1
1.0,0,1,0,1,0,1,0,0,1,0,1,0,0,1,0,6875.0,8.835646922534773,0.5555555555555556,6319.444444444444,LP001953,1
1.0,1,0,0,1,0,1,0,0,1,0,1,0,0,0,1,4666.0,8.448057452581375,0.375,4291.0,LP001954,1
1.0,1,0,1,0,1,0,0,0,1,0,1,0,1,0,0,7541.0,8.928110078202646,0.3145833333333333,7226.416666666667,LP001955,0
1.0,0,1,0,1,0,1,0,0,1,0,1,0,0,0,1,4939.0,8.504918160540624,0.3138888888888889,4625.111111111111,LP001963,0
0.0,0,1,0,1,1,0,0,0,0,1,1,0,0,0,1,4734.0,8.46252579007393,0.25833333333333336,4475.666666666667,LP001964,0
1.0,0,1,0,1,1,0,0,0,0,1,1,0,0,1,0,4625.0,8.439231649946526,0.2916666666666667,4333.333333333333,LP001972,1
1.0,1,0,1,0,1,0,0,0,1,0,1,0,1,0,0,5000.0,8.517193191416238,0.36666666666666664,4633.333333333333,LP001974,1
1.0,0,1,0,1,0,1,0,0,1,0,1,0,0,0,1,3428.0,8.13973227971767,0.26666666666666666,3161.3333333333335,LP001977,1
1.0,0,1,1,0,1,0,0,0,1,0,1,0,1,0,0,6500.0,8.779557455883728,0.3888888888888889,6111.111111111111,LP001978,1
1.0,0,1,1,0,1,0,0,0,0,1,1,0,0,0,1,2000.0,7.600902459542082,0.35555555555555557,1644.4444444444443,LP001990,0
1.0,1,0,1,0,1,0,0,0,1,0,1,0,1,0,0,5428.0,8.59932602095476,0.375,5053.0,LP001993,1
0.0,1,0,1,0,1,0,0,0,1,0,1,0,0,0,1,4263.0,8.35772841676521,0.28888888888888886,3974.1111111111113,LP001994,0
1.0,0,1,1,0,1,0,0,0,1,0,1,0,1,0,0,20233.0,9.915070213779195,1.3333333333333333,18899.666666666668,LP001996,0
1.0,0,1,0,1,0,0,1,0,0,1,1,0,1,0,0,7667.0,8.944680683558895,0.5138888888888888,7153.111111111111,LP001998,1
1.0,1,0,1,0,1,0,0,0,1,0,1,0,0,1,0,2917.0,7.978310969867722,0.23333333333333334,2683.6666666666665,LP002002,1
1.0,0,1,1,0,1,0,0,0,0,1,1,0,0,1,0,5332.0,8.5814816812986,0.30833333333333335,5023.666666666667,LP002004,1
1.0,1,0,1,0,1,0,0,0,1,0,1,0,1,0,0,2507.0,7.826842098158293,0.15555555555555556,2351.4444444444443,LP002006,1
1.0,0,1,0,1,0,0,1,0,1,0,0,1,1,0,0,5746.0,8.656259239539235,1.7142857142857142,4031.714285714286,LP002008,1
1.0,0,1,0,1,1,0,0,0,1,0,1,0,1,0,0,4316.0,8.370084326378025,0.44166666666666665,3874.3333333333335,LP002024,0
1.0,0,1,0,1,0,1,0,0,0,1,1,0,0,0,1,5039.0,8.524962928680598,0.6166666666666667,4422.333333333333,LP002031,1
1.0,0,1,0,1,0,0,1,0,1,0,1,0,0,1,0,3717.0,8.220672170297252,0.3333333333333333,3383.6666666666665,LP002035,1
1.0,0,1,0,1,1,0,0,0,1,0,1,0,0,0,1,4192.0,8.340933226000878,0.24444444444444444,3947.5555555555557,LP002036,1
1.0,1,0,1,0,0,1,0,0,1,0,1,0,0,1,0,3541.0,8.172164452111904,0.3111111111111111,3229.8888888888887,LP002043,1
1.0,0,1,0,1,0,1,0,0,1,0,0,1,1,0,0,10000.0,9.210340371976184,0.4305555555555556,9569.444444444445,LP002050,0
1.0,0,1,0,1,1,0,0,0,1,0,1,0,0,1,0,4567.0,8.426611813185,0.3194444444444444,4247.555555555556,LP002051,1
1.0,0,1,0,1,0,0,0,1,1,0,1,0,0,1,0,4531.0,8.418697944667139,0.34444444444444444,4186.555555555556,LP002053,1
1.0,0,1,0,1,0,0,1,0,0,1,1,0,1,0,0,5191.0,8.55468163582723,0.35555555555555557,4835.444444444444,LP002054,1
1.0,1,0,1,0,1,0,0,0,1,0,1,0,1,0,0,6151.0,8.724369949208368,0.36666666666666664,5784.333333333333,LP002055,1
1.0,0,1,0,1,0,0,0,1,1,0,1,0,1,0,0,15000.0,9.615805480084347,0.8333333333333334,14166.666666666666,LP002065,1
0.0,0,1,0,1,0,1,0,0,1,0,0,1,1,0,0,13649.0,9.521421537856195,1.0444444444444445,12604.555555555555,LP002067,0
0.0,0,1,1,0,1,0,0,0,1,0,1,0,1,0,0,4917.0,8.50045386741194,0.3611111111111111,4555.888888888889,LP002068,1
1.0,0,1,0,1,1,0,0,0,1,0,0,1,0,1,0,7978.0,8.984443032465352,0.5111111111111111,7466.888888888889,LP002082,1
1.0,1,0,0,1,1,0,0,0,1,0,1,0,0,0,1,6784.0,8.822322177471738,0.3055555555555556,6478.444444444444,LP002086,0
1.0,1,0,1,0,1,0,0,0,1,0,1,0,0,0,1,2500.0,7.824046010856292,0.18611111111111112,2313.8888888888887,LP002087,1
1.0,0,1,1,0,0,1,0,0,1,0,1,0,0,0,1,6177.0,8.728587995695898,0.325,5852.0,LP002097,1
1.0,0,1,1,0,1,0,0,0,1,0,1,0,0,1,0,2935.0,7.984462732262196,0.2722222222222222,2662.777777777778,LP002098,1
1.0,0,1,1,0,1,0,0,0,1,0,1,0,0,0,1,2833.0,7.949091499830517,0.19722222222222222,2635.777777777778,LP002100,1
1.0,0,1,0,1,1,0,0,0,1,0,1,0,0,0,1,63337.0,11.05622495553552,2.7222222222222223,60614.77777777778,LP002101,1
1.0,0,1,0,1,0,1,0,0,1,0,0,1,0,0,1,11666.0,9.364433907313582,1.011111111111111,10654.888888888889,LP002103,1
1.0,0,1,0,1,1,0,0,0,1,0,0,1,0,1,0,9993.0,9.209640126861789,0.19444444444444445,9798.555555555555,LP002106,1
1.0,0,1,0,1,0,1,0,0,1,0,1,0,1,0,0,5938.0,8.689127655323706,0.4444444444444444,5493.555555555556,LP002110,1
1.0,0,1,0,1,0,0,1,0,1,0,0,1,1,0,0,7100.0,8.867850063029406,0.4888888888888889,6611.111111111111,LP002112,1
0.0,1,0,1,0,0,0,0,1,0,1,1,0,0,0,1,1830.0,7.512071245835466,0.35555555555555557,1474.4444444444443,LP002113,0
1.0,1,0,1,0,1,0,0,0,1,0,1,0,0,1,0,4160.0,8.333270353255308,0.19722222222222222,3962.777777777778,LP002114,1
1.0,0,1,0,1,0,0,0,1,0,1,1,0,1,0,0,4234.0,8.350902451694811,0.48055555555555557,3753.4444444444443,LP002115,0
1.0,1,0,1,0,1,0,0,0,1,0,1,0,1,0,0,2378.0,7.774015077250727,0.12777777777777777,2250.222222222222,LP002116,0
1.0,0,1,0,1,0,1,0,0,0,1,1,0,0,0,1,5783.0,8.662677858158219,0.4388888888888889,5344.111111111111,LP002119,1
1.0,0,1,0,1,0,0,0,1,0,1,1,0,0,1,0,3173.0,8.062432791583195,0.20555555555555555,2967.4444444444443,LP002126,1
1.0,0,1,0,1,0,0,1,0,1,0,1,0,1,0,0,4913.0,8.499640032168648,0.3472222222222222,4565.777777777777,LP002128,1
1.0,0,1,0,1,1,0,0,0,1,0,1,0,0,1,0,4957.0,8.508555998020574,0.4444444444444444,4512.555555555556,LP002129,1
0.0,0,1,0,1,1,0,0,0,0,1,1,0,1,0,0,6753.0,8.817742129574842,0.4222222222222222,6330.777777777777,LP002130,0
1.0,0,1,0,1,0,0,1,0,0,1,1,0,0,0,1,5251.0,8.566173813637858,0.35,4901.0,LP002131,1
1.0,0,1,0,1,1,0,0,0,1,0,1,0,0,1,0,10916.0,9.29798488182823,0.7194444444444444,10196.555555555555,LP002137,1
1.0,0,1,0,1,1,0,0,0,1,0,1,0,1,0,0,8875.0,9.090993614343617,0.5194444444444445,8355.555555555555,LP002138,1
1.0,0,1,0,1,1,0,0,0,1,0,1,0,0,1,0,9083.0,9.114159813502214,0.6333333333333333,8449.666666666666,LP002139,1
1.0,0,1,1,0,1,0,0,0,1,0,1,0,1,0,0,12917.0,9.466299552232016,0.8555555555555555,12061.444444444445,LP002140,0
1.0,0,1,0,1,0,0,0,1,1,0,1,0,1,0,0,4749.0,8.465689348549121,0.2638888888888889,4485.111111111111,LP002141,1
0.0,1,0,0,1,1,0,0,0,1,0,0,1,1,0,0,5500.0,8.612503371220562,0.2916666666666667,5208.333333333333,LP002142,0
1.0,1,0,0,1,1,0,0,0,1,0,1,0,0,1,0,2928.0,7.982074875081202,0.3611111111111111,2566.8888888888887,LP002143,1
1.0,1,0,1,0,1,0,0,0,1,0,1,0,0,0,1,3813.0,8.246171559857563,0.6444444444444445,3168.5555555555557,LP002144,1
1.0,0,1,0,1,0,0,1,0,1,0,1,0,1,0,0,11500.0,9.350102314351341,0.4583333333333333,11041.666666666666,LP002149,1
1.0,0,1,0,1,0,1,0,0,1,0,1,0,0,0,1,3875.0,8.262300941787448,0.18611111111111112,3688.8888888888887,LP002151,0
0.0,0,1,0,1,1,0,0,0,0,1,1,0,0,0,1,4666.0,8.448057452581375,0.20833333333333334,4457.666666666667,LP002158,0
1.0,0,1,0,1,0,0,0,1,1,0,1,0,0,1,0,8334.0,9.0280988119824,0.5555555555555556,7778.444444444444,LP002160,1
1.0,1,0,1,0,0,1,0,0,1,0,1,0,0,1,0,4723.0,8.460199469896118,0.225,4498.0,LP002161,0
1.0,0,1,0,1,0,0,1,0,1,0,1,0,0,1,0,8667.0,9.067277989134345,0.6555555555555556,8011.444444444444,LP002170,1
1.0,0,1,0,1,1,0,0,0,1,0,1,0,0,0,1,7083.0,8.865452825753623,0.3611111111111111,6721.888888888889,LP002175,1
1.0,0,1,0,1,1,0,0,0,1,0,1,0,0,0,1,6046.0,8.707152175339404,0.31666666666666665,5729.333333333333,LP002178,1
1.0,0,1,1,0,1,0,0,0,1,0,0,1,1,0,0,6822.0,8.82790796297859,0.39166666666666666,6430.333333333333,LP002180,1
1.0,0,1,1,0,1,0,0,0,0,1,1,0,1,0,0,6216.0,8.734881892047483,0.36944444444444446,5846.555555555556,LP002181,0
1.0,0,1,1,0,1,0,0,0,1,0,1,0,0,1,0,2500.0,7.824046010856292,0.2,2300.0,LP002187,0
0.0,0,1,1,0,1,0,0,0,1,0,1,0,1,0,0,5124.0,8.541690663016626,0.34444444444444444,4779.555555555556,LP002188,0
1.0,0,1,0,1,0,1,0,0,1,0,1,0,0,1,0,6325.0,8.752265313595721,0.4861111111111111,5838.888888888889,LP002190,1
1.0,0,1,0,1,1,0,0,0,1,0,1,0,1,0,0,24996.0,10.126471091048971,1.5833333333333333,23412.666666666668,LP002191,0
1.0,1,0,1,0,1,0,0,0,1,0,0,1,0,1,0,15759.0,9.665166909622071,0.1527777777777778,15606.222222222223,LP002194,1
1.0,0,1,0,1,0,0,1,0,1,0,1,0,0,1,0,5185.0,8.553525120663627,0.4305555555555556,4754.444444444444,LP002197,1
1.0,0,1,0,1,0,0,1,0,1,0,0,1,1,0,0,17196.0,9.752432077616172,1.2666666666666666,15929.333333333334,LP002201,1
0.0,0,1,1,0,0,1,0,0,1,0,1,0,0,0,1,5049.0,8.526945482858915,0.6166666666666667,4432.333333333333,LP002205,0
1.0,1,0,1,0,1,0,0,0,1,0,1,0,0,0,1,4223.0,8.348301054933943,0.3055555555555556,3917.4444444444443,LP002209,1
1.0,0,1,0,1,1,0,0,0,1,0,1,0,0,0,1,5740.0,8.655214489313613,0.6666666666666666,5073.333333333333,LP002211,1
1.0,0,1,0,1,0,0,0,1,1,0,1,0,1,0,0,13746.0,9.52850315168155,0.3611111111111111,13384.888888888889,LP002219,1
1.0,0,1,0,1,1,0,0,0,1,0,1,0,0,1,0,4310.0,8.368693183097793,0.3611111111111111,3948.8888888888887,LP002223,1
1.0,0,1,1,0,1,0,0,0,1,0,1,0,0,0,1,3069.0,8.029107054619736,0.14791666666666667,2921.0833333333335,LP002224,0
1.0,0,1,0,1,0,0,1,0,1,0,1,0,0,0,1,5391.0,8.592486175451668,0.3611111111111111,5029.888888888889,LP002225,1
1.0,0,1,0,1,1,0,0,0,1,0,1,0,0,1,0,5833.0,8.671286726753637,0.35555555555555557,5477.444444444444,LP002226,1
1.0,0,1,1,0,1,0,0,0,1,0,1,0,0,1,0,10173.0,9.227492430793749,0.8222222222222222,9350.777777777777,LP002229,1
1.0,1,0,1,0,1,0,0,0,1,0,1,0,0,0,1,6000.0,8.699514748210191,0.43333333333333335,5566.666666666667,LP002231,1
1.0,0,1,1,0,1,0,0,0,1,0,0,1,0,0,1,7167.0,8.877242435993919,0.35555555555555557,6811.444444444444,LP002234,1
1.0,0,1,0,1,0,0,1,0,1,0,1,0,0,0,1,4566.0,8.42639282708974,0.2777777777777778,4288.222222222223,LP002236,0
1.0,0,1,1,0,0,1,0,0,1,0,1,0,0,0,1,3667.0,8.207129168071326,0.6277777777777778,3039.222222222222,LP002237,1
1.0,0,1,1,0,1,0,0,0,0,1,1,0,0,1,0,3946.0,8.28045768658256,0.36666666666666664,3579.3333333333335,LP002239,1
0.0,0,1,0,1,1,0,0,0,0,1,1,0,0,0,1,6146.0,8.72355674269043,0.35555555555555557,5790.444444444444,LP002243,0
1.0,0,1,0,1,1,0,0,0,1,0,1,0,0,0,1,4750.0,8.465899897028686,0.37777777777777777,4372.222222222223,LP002244,1
1.0,0,1,0,1,1,0,0,0,1,0,1,0,1,0,0,5488.0,8.610319169405722,0.3472222222222222,5140.777777777777,LP002250,1
1.0,0,1,1,0,0,0,0,1,1,0,1,0,1,0,0,9167.0,9.123365357961776,0.5138888888888888,8653.111111111111,LP002255,1
1.0,0,1,0,1,0,0,0,1,1,0,1,0,1,0,0,9504.0,9.159468041602427,0.7638888888888888,8740.111111111111,LP002262,1
1.0,0,1,0,1,1,0,0,0,1,0,1,0,0,0,1,4698.0,8.454892165218858,0.3333333333333333,4364.666666666667,LP002263,1
1.0,0,1,0,1,0,0,1,0,0,1,1,0,0,1,0,3618.0,8.193676665955241,0.6277777777777778,2990.222222222222,LP002265,1
1.0,0,1,0,1,0,0,1,0,1,0,1,0,0,0,1,4500.0,8.411832675758411,0.3138888888888889,4186.111111111111,LP002266,1
1.0,0,1,0,1,0,0,1,0,1,0,1,0,0,1,0,3760.0,8.23217423638394,0.375,3385.0,LP002272,1
0.0,1,0,1,0,1,0,0,0,1,0,1,0,0,0,1,3180.0,8.064636475774222,0.19722222222222222,2982.777777777778,LP002277,0
1.0,0,1,0,1,1,0,0,0,1,0,1,0,0,0,1,4492.0,8.410053315858335,0.2638888888888889,4228.111111111111,LP002281,1
1.0,0,1,1,0,1,0,0,0,0,1,1,0,1,0,0,5568.0,8.624791202014256,0.30277777777777776,5265.222222222223,LP002284,1
0.0,1,0,1,0,1,0,0,0,1,0,1,0,0,1,0,3300.0,8.101677747454572,0.2861111111111111,3013.8888888888887,LP002287,0
0.0,0,1,0,1,0,0,1,0,0,1,1,0,0,0,1,2889.0,7.968665700466235,0.25,2639.0,LP002288,0
1.0,0,1,1,0,1,0,0,0,0,1,1,0,1,0,0,2755.0,7.9211727215870145,0.21666666666666667,2538.3333333333335,LP002296,0
1.0,0,1,1,0,1,0,0,0,1,0,1,0,0,1,0,22500.0,10.021270588192511,0.2861111111111111,22213.88888888889,LP002297,1
1.0,1,0,1,0,1,0,0,0,0,1,1,0,0,1,0,1963.0,7.5822291942764615,0.14722222222222223,1815.7777777777778,LP002300,1
1.0,1,0,1,0,1,0,0,0,1,0,0,1,1,0,0,7441.0,8.914760527397261,0.5388888888888889,6902.111111111111,LP002301,0
1.0,1,0,1,0,1,0,0,0,1,0,1,0,0,1,0,4547.0,8.42222295382501,0.3194444444444444,4227.555555555556,LP002305,1
1.0,0,1,0,1,1,0,0,0,0,1,1,0,0,0,1,4567.0,8.426611813185,0.3194444444444444,4247.555555555556,LP002308,1
1.0,1,0,1,0,1,0,0,0,0,1,1,0,1,0,0,2213.0,7.70210434005105,0.18333333333333332,2029.6666666666667,LP002314,1
0.0,0,1,0,1,0,1,0,0,1,0,1,0,0,1,0,8300.0,9.02401079378469,0.5066666666666667,7793.333333333333,LP002315,0
0.0,0,1,0,1,0,0,0,1,1,0,1,0,1,0,0,81000.0,11.302204433654575,1.0,80000.0,LP002317,0
1.0,1,0,1,0,0,1,0,0,0,1,0,1,0,1,0,3867.0,8.260234291607297,0.17222222222222222,3694.777777777778,LP002318,0
1.0,0,1,0,1,1,0,0,0,1,0,1,0,0,0,1,6256.0,8.741296282225147,0.4444444444444444,5811.555555555556,LP002319,1
0.0,0,1,0,1,1,0,0,0,0,1,1,0,1,0,0,6096.0,8.715388097366482,0.6055555555555555,5490.444444444444,LP002328,0
1.0,0,1,0,1,1,0,0,0,0,1,1,0,1,0,0,4286.0,8.363109176033522,0.3055555555555556,3980.4444444444443,LP002332,1
0.0,1,0,0,1,1,0,0,0,0,1,1,0,0,1,0,5386.0,8.591558273371545,0.49444444444444446,4891.555555555556,LP002335,0
1.0,1,0,1,0,1,0,0,0,1,0,1,0,0,0,1,2995.0,8.00469951054955,0.16666666666666666,2828.3333333333335,LP002337,1
1.0,1,0,1,0,0,1,0,0,1,0,1,0,0,0,1,2600.0,7.8632667240095735,0.4444444444444444,2155.5555555555557,LP002341,0
1.0,0,1,0,1,0,0,1,0,1,0,0,1,0,0,1,21600.0,9.980448593672257,0.6638888888888889,20936.11111111111,LP002342,0
1.0,0,1,0,1,1,0,0,0,1,0,1,0,1,0,0,3798.0,8.242229891372231,0.3111111111111111,3486.8888888888887,LP002345,1
1.0,0,1,0,1,1,0,0,0,1,0,1,0,0,1,0,4663.0,8.44741429680832,0.38333333333333336,4279.666666666667,LP002347,1
1.0,0,1,0,1,1,0,0,0,1,0,1,0,1,0,0,5829.0,8.67060073804555,0.38333333333333336,5445.666666666667,LP002348,1
0.0,1,0,1,0,1,0,0,0,0,1,1,0,0,0,1,2720.0,7.908387159290043,0.2222222222222222,2497.777777777778,LP002357,0
1.0,0,1,0,1,1,0,0,0,1,0,1,0,0,0,1,3539.0,8.171599480345463,0.2777777777777778,3261.222222222222,LP002361,1
0.0,0,1,0,1,0,1,0,0,1,0,1,0,0,0,1,8917.0,9.095714846134879,0.3055555555555556,8611.444444444445,LP002362,0
1.0,0,1,0,1,1,0,0,0,1,0,1,0,0,1,0,14880.0,9.607773308387083,0.26666666666666666,14613.333333333334,LP002364,1
1.0,0,1,0,1,1,0,0,0,1,0,1,0,1,0,0,6966.0,8.848796450925947,0.33611111111111114,6629.888888888889,LP002366,1
1.0,1,0,1,0,0,1,0,0,0,1,1,0,1,0,0,4606.0,8.43511508038063,0.225,4381.0,LP002367,0
1.0,0,1,0,1,0,0,1,0,1,0,1,0,0,1,0,5935.0,8.688622307043769,0.36944444444444446,5565.555555555556,LP002368,1
1.0,0,1,0,1,1,0,0,0,1,0,1,0,1,0,0,2936.12000084,7.984844261119869,0.24166666666666667,2694.4533341733336,LP002369,1
1.0,0,1,1,0,1,0,0,0,0,1,1,0,0,0,1,2717.0,7.907283609426348,0.3333333333333333,2383.6666666666665,LP002370,1
1.0,1,0,1,0,0,1,0,0,1,0,0,1,0,1,0,8624.0,9.06230429314878,0.4166666666666667,8207.333333333334,LP002377,1
0.0,0,1,1,0,1,0,0,0,1,0,1,0,1,0,0,6500.0,8.779557455883728,0.2916666666666667,6208.333333333333,LP002379,0
1.0,0,1,1,0,1,0,0,0,1,0,1,0,0,1,0,12876.0,9.463120392418698,1.125,11751.0,LP002386,1
1.0,0,1,0,1,1,0,0,0,1,0,1,0,0,1,0,4765.0,8.469052816088302,0.3972222222222222,4367.777777777777,LP002387,1
1.0,0,1,1,0,1,0,0,0,1,0,1,0,0,0,1,3750.0,8.229511118964457,0.2777777777777778,3472.222222222222,LP002390,1
1.0,1,0,0,1,1,0,0,0,1,0,1,0,0,1,0,10047.0,9.215029361462314,0.5333333333333333,9513.666666666666,LP002393,1
1.0,0,1,1,0,1,0,0,0,1,0,1,0,0,1,0,3777.0,8.236685322712457,0.1388888888888889,3638.1111111111113,LP002398,1
1.0,0,1,0,1,1,0,0,0,1,0,1,0,0,0,1,3338.0,8.11312710422178,0.35555555555555557,2982.4444444444443,LP002401,1
0.0,0,1,1,0,1,0,0,0,1,0,0,1,0,0,1,10416.0,9.251098364448351,0.5194444444444445,9896.555555555555,LP002403,0
1.0,1,0,0,1,1,0,0,0,0,1,0,1,1,0,0,7142.0,8.873748128154395,0.38333333333333336,6758.666666666667,LP002407,1
1.0,0,1,1,0,1,0,0,0,1,0,1,0,0,1,0,8724.0,9.07383312732152,0.5194444444444445,8204.555555555555,LP002408,1
1.0,0,1,0,1,1,0,0,0,1,0,1,0,1,0,0,9734.0,9.1833801903934,0.5,9234.0,LP002409,1
1.0,0,1,1,0,0,0,0,1,0,1,1,0,0,1,0,6700.0,8.809862805379057,0.4111111111111111,6288.888888888889,LP002418,1
1.0,0,1,1,0,0,1,0,0,1,0,1,0,0,1,0,37719.0,10.537919225261291,0.4222222222222222,37296.77777777778,LP002422,1
1.0,0,1,0,1,1,0,0,0,1,0,1,0,1,0,0,15666.0,9.659248037927183,0.5833333333333334,15082.666666666666,LP002424,1
1.0,0,1,0,1,0,1,0,0,1,0,0,1,1,0,0,4676.0,8.450198322591959,0.3611111111111111,4314.888888888889,LP002429,1
1.0,0,1,0,1,0,0,1,0,0,1,1,0,1,0,0,4652.0,8.445052513638554,0.3055555555555556,4346.444444444444,LP002434,1
1.0,0,1,0,1,1,0,0,0,1,0,1,0,1,0,0,4915.0,8.500047032581268,0.1527777777777778,4762.222222222223,LP002435,0
0.0,0,1,0,1,0,0,1,0,1,0,1,0,1,0,0,5050.0,8.527143522269405,0.4166666666666667,4633.333333333333,LP002443,0
1.0,0,1,1,0,0,1,0,0,0,1,0,1,0,1,0,4311.0,8.368925174747135,0.5277777777777778,3783.222222222222,LP002444,0
0.0,0,1,0,1,0,0,1,0,0,1,1,0,1,0,0,3564.0,8.1786387885907,0.3472222222222222,3216.777777777778,LP002446,0
1.0,0,1,0,1,0,0,1,0,0,1,1,0,0,0,1,3414.0,8.135639903354386,0.2,3214.0,LP002447,1
0.0,0,1,0,1,1,0,0,0,1,0,1,0,1,0,0,5681.0,8.644882552557126,0.41388888888888886,5267.111111111111,LP002448,0
0.0,0,1,0,1,1,0,0,0,1,0,1,0,1,0,0,4949.0,8.506940814951886,0.5,4449.0,LP002449,1
1.0,0,1,1,0,1,0,0,0,1,0,0,1,0,1,0,7085.0,8.865735152124781,0.23333333333333334,6851.666666666667,LP002453,1
1.0,0,1,0,1,0,0,1,0,1,0,1,0,0,1,0,3859.0,8.258163361537619,0.26666666666666666,3592.3333333333335,LP002455,1
1.0,0,1,0,1,1,0,0,0,1,0,1,0,0,0,1,4301.0,8.366602832783736,0.3277777777777778,3973.222222222222,LP002459,1
1.0,0,1,0,1,1,0,0,0,1,0,1,0,0,0,1,6277.0,8.744647438317532,0.48055555555555557,5796.444444444444,LP002467,0
1.0,0,1,1,0,0,0,1,0,1,0,1,0,1,0,0,4354.0,8.378850241794492,0.37777777777777777,3976.222222222222,LP002472,1
1.0,0,1,0,1,1,0,0,0,1,0,1,0,0,1,0,8334.0,9.0280988119824,0.4444444444444444,7889.555555555556,LP002473,0
1.0,0,1,0,1,1,0,0,0,1,0,0,1,0,1,0,6166.0,8.726805608446096,0.4444444444444444,5721.555555555556,LP002478,1
1.0,0,1,0,1,0,0,0,1,1,0,1,0,0,0,1,7740.0,8.954156966583772,0.7111111111111111,7028.888888888889,LP002484,1
1.0,0,1,0,1,1,0,0,0,1,0,1,0,1,0,0,5203.0,8.556990661290303,0.425,4778.0,LP002487,1
1.0,1,0,1,0,0,1,0,0,0,1,1,0,0,1,0,5191.0,8.55468163582723,0.36666666666666664,4824.333333333333,LP002489,1
0.0,0,1,1,0,1,0,0,0,1,0,1,0,0,1,0,4166.0,8.334711621820917,0.2722222222222222,3893.777777777778,LP002493,0
1.0,0,1,1,0,1,0,0,0,1,0,1,0,1,0,0,6000.0,8.699514748210191,0.3888888888888889,5611.111111111111,LP002494,1
0.0,0,1,0,1,0,0,0,1,0,1,1,0,0,0,1,4611.0,8.436200032206706,0.3888888888888889,4222.111111111111,LP002500,0
1.0,0,1,0,1,1,0,0,0,1,0,1,0,0,1,0,16692.0,9.722684841711443,0.3055555555555556,16386.444444444445,LP002501,1
1.0,1,0,0,1,0,0,1,0,0,1,1,0,0,1,0,3127.0,8.047829357457841,0.2722222222222222,2854.777777777778,LP002502,1
1.0,0,1,0,1,1,0,0,0,1,0,1,0,0,0,1,6784.0,8.822322177471738,0.3055555555555556,6478.444444444444,LP002505,0
1.0,0,1,0,1,0,1,0,0,1,0,0,1,0,1,0,5529.0,8.617762246337932,0.45,5079.0,LP002515,1
0.0,0,1,0,1,0,1,0,0,0,1,1,0,1,0,0,4153.0,8.331586243630754,0.6277777777777778,3525.222222222222,LP002517,0
1.0,0,1,0,1,0,0,0,1,1,0,1,0,0,1,0,4691.0,8.453401058328458,0.2777777777777778,4413.222222222223,LP002519,1
1.0,1,0,1,0,1,0,0,0,1,0,0,1,0,0,1,2500.0,7.824046010856292,0.25833333333333336,2241.6666666666665,LP002522,1
1.0,0,1,1,0,0,0,1,0,1,0,1,0,1,0,0,10180.0,9.228180290104513,0.45,9730.0,LP002524,1
1.0,0,1,0,1,0,0,1,0,1,0,0,1,1,0,0,17539.0,9.772182251758139,0.4166666666666667,17122.333333333332,LP002527,1
1.0,0,1,0,1,0,0,1,0,1,0,1,0,0,1,0,8450.0,9.041921720351219,0.7666666666666667,7683.333333333333,LP002529,1
0.0,0,1,0,1,0,0,1,0,1,0,1,0,0,1,0,4745.0,8.464846711044029,0.36666666666666664,4378.333333333333,LP002530,0
1.0,0,1,0,1,0,1,0,0,1,0,0,1,0,1,0,18917.0,9.847816267665664,0.2388888888888889,18678.11111111111,LP002531,1
1.0,0,1,0,1,0,0,1,0,1,0,1,0,0,0,1,4550.0,8.422882511944996,0.35555555555555557,4194.444444444444,LP002533,0
1.0,1,0,1,0,1,0,0,0,0,1,1,0,1,0,0,4350.0,8.37793112408273,0.42777777777777776,3922.222222222222,LP002534,1
1.0,0,1,0,1,0,0,0,1,0,1,1,0,1,0,0,3095.0,8.037543185118697,0.3138888888888889,2781.1111111111113,LP002536,1
1.0,0,1,0,1,1,0,0,0,1,0,1,0,0,1,0,5233.0,8.562740006372207,0.35555555555555557,4877.444444444444,LP002537,1
1.0,0,1,0,1,1,0,0,0,1,0,1,0,0,1,0,10833.0,9.290352309945568,0.65,10183.0,LP002541,1
1.0,0,1,0,1,0,0,1,0,1,0,1,0,0,1,0,8333.0,9.027978814382207,0.6833333333333333,7649.666666666667,LP002543,1
1.0,0,1,0,1,0,1,0,0,0,1,1,0,1,0,0,4394.0,8.387995252944556,0.3638888888888889,4030.1111111111113,LP002544,1
0.0,0,1,1,0,0,0,1,0,1,0,1,0,1,0,0,3547.0,8.173857454773621,0.2222222222222222,3324.777777777778,LP002545,0
1.0,0,1,0,1,0,1,0,0,1,0,1,0,0,0,1,18333.0,9.816457993563025,1.3888888888888888,16944.11111111111,LP002547,0
1.0,0,1,0,1,0,0,1,0,1,0,0,1,0,1,0,6666.0,8.804775258867686,0.4444444444444444,6221.555555555556,LP002555,1
1.0,0,1,1,0,1,0,0,0,1,0,1,0,0,0,1,2435.0,7.79770203551669,0.20833333333333334,2226.6666666666665,LP002556,0
1.0,0,1,1,0,1,0,0,0,0,1,1,0,0,1,0,5484.0,8.609590040682205,0.26666666666666666,5217.333333333333,LP002560,1
1.0,0,1,0,1,0,1,0,0,0,1,1,0,0,0,1,6464.0,8.774003600200931,0.5166666666666667,5947.333333333333,LP002562,1
1.0,0,1,1,0,1,0,0,0,0,1,1,0,1,0,0,3691.0,8.213652703029998,0.3055555555555556,3385.4444444444443,LP002571,1
1.0,1,0,1,0,1,0,0,0,0,1,0,1,0,1,0,17263.0,9.756320761816548,0.625,16638.0,LP002582,1
0.0,0,1,0,1,1,0,0,0,1,0,1,0,1,0,0,5754.0,8.657650544111494,0.33055555555555555,5423.444444444444,LP002585,0
1.0,1,0,0,1,0,1,0,0,1,0,1,0,0,1,0,4239.0,8.352082671352637,1.25,2989.0,LP002586,1
1.0,0,1,0,1,1,0,0,0,0,1,1,0,1,0,0,4300.0,8.366370301681654,0.2972222222222222,4002.777777777778,LP002587,1
1.0,0,1,0,1,1,0,0,0,1,0,1,0,0,0,1,7482.0,8.920255414908091,9.25,-1768.0,LP002588,1
1.0,0,1,0,1,0,1,0,0,1,0,0,1,0,1,0,2895.0,7.970740390007095,0.2638888888888889,2631.1111111111113,LP002600,1
0.0,0,1,1,0,1,0,0,0,1,0,1,0,1,0,0,10699.0,9.277905558138606,0.5805555555555556,10118.444444444445,LP002602,0
1.0,1,0,1,0,1,0,0,0,1,0,1,0,1,0,0,4328.0,8.372860820526318,0.23541666666666666,4092.5833333333335,LP002603,1
1.0,1,0,1,0,1,0,0,0,1,0,1,0,0,1,0,3159.0,8.058010800802085,0.2777777777777778,2881.222222222222,LP002606,1
1.0,0,1,0,1,0,0,1,0,1,0,1,0,0,1,0,10489.0,9.258082367961604,0.5777777777777777,9911.222222222223,LP002615,1
1.0,0,1,0,1,0,1,0,0,0,1,1,0,1,0,0,9352.0,9.143345503151904,0.38333333333333336,8968.666666666666,LP002618,0
1.0,0,1,0,1,1,0,0,0,0,1,1,0,0,1,0,5297.0,8.574895901544526,0.41333333333333333,4883.666666666667,LP002619,1
1.0,0,1,0,1,0,0,1,0,1,0,1,0,1,0,0,7926.0,8.97790377375038,0.675,7251.0,LP002622,1
1.0,0,1,0,1,1,0,0,0,1,0,1,0,0,0,1,27500.0,10.221941283654663,1.3333333333333333,26166.666666666668,LP002624,1
1.0,0,1,1,0,1,0,0,0,1,0,1,0,0,0,1,3583.0,8.183955717304954,0.26666666666666666,3316.3333333333335,LP002625,0
1.0,0,1,0,1,1,0,0,0,1,0,0,1,0,0,1,5492.0,8.61104776688786,0.5222222222222223,4969.777777777777,LP002626,1
1.0,1,0,1,0,0,1,0,0,1,0,1,0,0,0,1,13262.0,9.492658081928813,0.1111111111111111,13150.888888888889,LP002634,1
1.0,0,1,1,0,1,0,0,0,0,1,1,0,1,0,0,4885.0,8.493924564476883,0.2777777777777778,4607.222222222223,LP002637,0
1.0,0,1,0,1,0,1,0,0,1,0,1,0,0,1,0,8069.0,8.995784837848506,0.6944444444444444,7374.555555555556,LP002640,1
1.0,0,1,0,1,0,0,1,0,1,0,1,0,0,0,1,5318.0,8.578852571802965,0.4111111111111111,4906.888888888889,LP002643,1
1.0,0,1,0,1,1,0,0,0,1,0,1,0,0,1,0,8796.0,9.082052351674651,0.3888888888888889,8407.111111111111,LP002648,0
1.0,0,1,1,0,1,0,0,0,1,0,1,0,1,0,0,9481.0,9.15704507491796,0.8638888888888889,8617.111111111111,LP002652,0
1.0,0,1,0,1,0,0,0,1,1,0,1,0,1,0,0,6894.0,8.83840674707681,0.4166666666666667,6477.333333333333,LP002659,1
1.0,1,0,0,1,0,0,1,0,1,0,1,0,0,1,0,3663.0,8.206037762778815,0.23541666666666666,3427.5833333333335,LP002670,1
0.0,0,1,0,1,1,0,0,0,0,1,1,0,0,1,0,4874.0,8.491670234185152,0.3416666666666667,4532.333333333333,LP002682,0
1.0,0,1,1,0,1,0,0,0,1,0,1,0,0,1,0,6598.0,8.794521851788527,0.5138888888888888,6084.111111111111,LP002683,0
1.0,1,0,1,0,1,0,0,0,0,1,1,0,1,0,0,3400.0,8.131530710604252,0.2638888888888889,3136.1111111111113,LP002684,0
1.0,0,1,0,1,0,0,1,0,0,1,1,0,0,1,0,3934.0,8.277411998949004,0.125,3809.0,LP002689,1
1.0,0,1,1,0,1,0,0,0,1,0,1,0,0,1,0,2500.0,7.824046010856292,0.1527777777777778,2347.222222222222,LP002690,1
1.0,0,1,0,1,0,0,0,1,1,0,0,1,1,0,0,7101.0,8.867990898182093,0.2777777777777778,6823.222222222223,LP002692,1
1.0,0,1,0,1,0,0,1,0,1,0,0,1,1,0,0,15114.0,9.623376745580666,1.3333333333333333,13780.666666666666,LP002693,1
1.0,0,1,1,0,1,0,0,0,1,0,1,0,0,1,0,6767.0,8.819813136232225,0.35555555555555557,6411.444444444444,LP002697,0
1.0,0,1,0,1,0,0,1,0,1,0,0,1,1,0,0,17500.0,9.769956159911606,1.1111111111111112,16388.88888888889,LP002699,1
1.0,0,1,0,1,1,0,0,0,1,0,1,0,0,1,0,3775.0,8.236155661683124,0.3055555555555556,3469.4444444444443,LP002705,1
0.0,0,1,0,1,0,1,0,0,0,1,1,0,0,1,0,6715.0,8.812099108957337,0.44722222222222224,6267.777777777777,LP002706,1
1.0,0,1,1,0,0,1,0,0,0,1,1,0,0,1,0,3981.0,8.289288323000317,0.2611111111111111,3719.8888888888887,LP002714,1
1.0,0,1,1,0,1,0,0,0,0,1,1,0,0,1,0,6783.0,8.82217476094608,0.3611111111111111,6421.888888888889,LP002716,1
1.0,0,1,0,1,1,0,0,0,1,0,1,0,1,0,0,6525.0,8.783396232190894,0.6,5925.0,LP002717,1
1.0,0,1,0,1,0,0,0,1,1,0,1,0,0,0,1,4281.0,8.361941906144946,0.2777777777777778,4003.222222222222,LP002720,1
0.0,0,1,1,0,0,0,1,0,1,0,1,0,1,0,0,3588.0,8.185350223178686,0.3055555555555556,3282.4444444444443,LP002723,0
1.0,0,1,1,0,0,1,0,0,1,0,1,0,0,1,0,11250.0,9.328123407632566,0.5444444444444444,10705.555555555555,LP002729,0
1.0,1,0,1,0,1,0,0,0,0,1,0,1,0,0,1,18165.0,9.807251944655302,0.3472222222222222,17817.777777777777,LP002731,1
1.0,0,1,1,0,1,0,0,0,0,1,1,0,1,0,0,4592.0,8.432070937999402,0.35,4242.0,LP002732,1
1.0,0,1,0,1,1,0,0,0,1,0,1,0,0,0,1,10039.0,9.214232786691527,0.9,9139.0,LP002734,1
1.0,0,1,1,0,0,0,1,0,1,0,1,0,0,1,0,3617.0,8.193400231952097,0.2972222222222222,3319.777777777778,LP002738,1
1.0,0,1,0,1,1,0,0,0,0,1,1,0,1,0,0,3453.0,8.146998697389993,0.18333333333333332,3269.6666666666665,LP002739,0
1.0,0,1,0,1,0,0,0,1,1,0,1,0,1,0,0,6417.0,8.766705997750515,0.8722222222222222,5544.777777777777,LP002740,1
1.0,1,0,0,1,0,1,0,0,1,0,1,0,0,1,0,7453.0,8.916371914881694,0.7777777777777778,6675.222222222223,LP002741,1
0.0,1,0,1,0,1,0,0,0,1,0,1,0,0,1,0,2138.0,7.6676260915849905,0.275,1863.0,LP002743,0
1.0,1,0,1,0,0,1,0,0,1,0,1,0,0,1,0,3652.0,8.20303024171486,0.2638888888888889,3388.1111111111113,LP002753,1
1.0,0,1,0,1,0,1,0,0,0,1,1,0,0,0,1,4763.0,8.46863300080086,0.35555555555555557,4407.444444444444,LP002755,1
1.0,1,0,0,1,1,0,0,0,0,1,1,0,0,1,0,3680.0,8.210668031162976,0.2833333333333333,3396.6666666666665,LP002757,1
1.0,0,1,0,1,1,0,0,0,1,0,1,0,1,0,0,4718.0,8.45914025996762,0.4305555555555556,4287.444444444444,LP002767,1
1.0,0,1,1,0,1,0,0,0,0,1,1,0,0,1,0,3358.0,8.119100837637486,2.2222222222222223,1135.7777777777778,LP002768,0
1.0,0,1,1,0,1,0,0,0,1,0,1,0,1,0,0,4309.0,8.368461137615839,0.4027777777777778,3906.222222222222,LP002772,1
0.0,1,0,1,0,1,0,0,0,1,0,1,0,0,1,0,5000.0,8.517193191416238,0.2861111111111111,4713.888888888889,LP002776,0
1.0,0,1,0,1,1,0,0,0,1,0,1,0,1,0,0,4801.0,8.476579508530941,0.3055555555555556,4495.444444444444,LP002777,1
0.0,0,1,0,1,0,0,1,0,1,0,0,1,1,0,0,6633.0,8.799812469525556,0.35555555555555557,6277.444444444444,LP002778,0
1.0,0,1,0,1,0,1,0,0,0,1,1,0,1,0,0,4867.0,8.490233009833455,0.35555555555555557,4511.444444444444,LP002784,1
1.0,0,1,0,1,0,1,0,0,1,0,1,0,0,0,1,6583.0,8.792245847467877,0.4388888888888889,6144.111111111111,LP002785,1
0.0,0,1,0,1,1,0,0,0,0,1,1,0,0,0,1,4787.0,8.473659189392508,0.5027777777777778,4284.222222222223,LP002788,0
0.0,0,1,0,1,1,0,0,0,1,0,1,0,1,0,0,7859.0,8.969414650866176,0.7333333333333333,7125.666666666667,LP002789,0
1.0,0,1,0,1,0,1,0,0,1,0,1,0,0,1,0,6500.0,8.779557455883728,0.07222222222222222,6427.777777777777,LP002792,1
1.0,1,0,1,0,1,0,0,0,1,0,1,0,0,0,1,4292.0,8.36450810375059,0.23333333333333334,4058.6666666666665,LP002794,1
1.0,0,1,0,1,0,0,0,1,1,0,0,1,0,1,0,10139.0,9.22414465295258,0.7222222222222222,9416.777777777777,LP002795,1
1.0,0,1,0,1,1,0,0,0,1,0,1,0,0,1,0,6556.0,8.78813593986372,0.45,6106.0,LP002798,1
1.0,1,0,0,1,1,0,0,0,1,0,1,0,0,1,0,6486.0,8.777401286867264,0.5055555555555555,5980.444444444444,LP002804,1
1.0,0,1,0,1,0,0,1,0,0,1,1,0,0,1,0,3917.0,8.27308133366583,0.3,3617.0,LP002807,1
1.0,1,0,0,1,0,1,0,0,1,0,0,1,0,1,0,19484.0,9.877348894926433,1.6666666666666667,17817.333333333332,LP002813,1
1.0,0,1,0,1,1,0,0,0,1,0,1,0,1,0,0,7977.0,8.984317679911129,0.5861111111111111,7390.888888888889,LP002820,1
1.0,0,1,1,0,1,0,0,0,0,1,0,1,0,1,0,5800.0,8.66561319653451,0.36666666666666664,5433.333333333333,LP002821,1
0.0,0,1,0,1,0,0,1,0,1,0,1,0,0,0,1,8799.0,9.08239335764556,0.7166666666666667,8082.333333333333,LP002832,0
1.0,0,1,0,1,1,0,0,0,0,1,1,0,1,0,0,4467.0,8.404472321352118,0.3333333333333333,4133.666666666667,LP002833,1
1.0,0,1,1,0,1,0,0,0,1,0,1,0,0,0,1,3333.0,8.11162807830774,0.19444444444444445,3138.5555555555557,LP002836,1
0.0,0,1,0,1,0,0,0,1,1,0,1,0,1,0,0,5900.0,8.68270762989381,0.3416666666666667,5558.333333333333,LP002837,0
1.0,1,0,1,0,1,0,0,0,1,0,1,0,0,0,1,2378.0,7.774015077250727,0.025,2353.0,LP002840,0
0.0,0,1,0,1,1,0,0,0,1,0,1,0,0,0,1,5230.0,8.56216655705897,0.28888888888888886,4941.111111111111,LP002841,0
1.0,0,1,0,1,0,1,0,0,1,0,1,0,0,0,1,5167.0,8.550047528287184,0.5166666666666667,4650.333333333333,LP002842,1
0.0,0,1,0,1,1,0,0,0,1,0,1,0,0,0,1,6567.0,8.789812386190972,0.4583333333333333,6108.666666666667,LP002847,0
1.0,0,1,0,1,0,0,1,0,1,0,1,0,0,0,1,16666.0,9.721125994942152,0.7638888888888888,15902.111111111111,LP002855,1
1.0,0,1,0,1,0,0,1,0,0,1,1,0,0,1,0,7750.0,8.955448122347393,0.38958333333333334,7360.416666666667,LP002862,0
1.0,0,1,0,1,0,0,0,1,1,0,1,0,0,1,0,6406.0,8.764990330169104,0.4166666666666667,5989.333333333333,LP002863,0
1.0,0,1,0,1,0,0,1,0,1,0,1,0,0,0,1,3620.0,8.194229304819817,1.2857142857142858,2334.285714285714,LP002868,1
0.0,0,1,0,1,1,0,0,0,1,0,1,0,0,1,0,5297.0,8.574895901544526,0.37777777777777777,4919.222222222223,LP002872,0
1.0,0,1,1,0,1,0,0,0,1,0,1,0,0,0,1,5968.0,8.694167141883597,0.3055555555555556,5662.444444444444,LP002874,1
1.0,0,1,0,1,0,1,0,0,1,0,1,0,1,0,0,4014.0,8.297543529356284,0.2972222222222222,3716.777777777778,LP002877,1
1.0,0,1,1,0,1,0,0,0,1,0,1,0,0,0,1,6099.0,8.715880102296456,0.44722222222222224,5651.777777777777,LP002888,1
1.0,0,1,0,1,0,0,1,0,1,0,1,0,0,1,0,6540.0,8.785692444451245,0.5694444444444444,5970.555555555556,LP002892,1
1.0,0,1,1,0,1,0,0,0,1,0,1,0,0,0,1,35673.0,10.482149379105689,0.25,35423.0,LP002893,0
1.0,1,0,0,1,1,0,0,0,1,0,1,0,0,1,0,3166.0,8.060224240440958,0.1,3066.0,LP002894,1
1.0,0,1,0,1,0,1,0,0,1,0,1,0,1,0,0,1880.0,7.539027055823995,0.16944444444444445,1710.5555555555557,LP002898,0
0.0,0,1,0,1,0,1,0,0,1,0,1,0,1,0,0,4704.0,8.456168489578463,0.40555555555555556,4298.444444444444,LP002911,0
1.0,0,1,0,1,0,1,0,0,1,0,1,0,1,0,0,7283.0,8.893298144217916,2.0476190476190474,5235.380952380952,LP002912,0
1.0,0,1,0,1,1,0,0,0,1,0,1,0,0,0,1,3819.0,8.247743887225516,0.28888888888888886,3530.1111111111113,LP002916,1
1.0,1,0,1,0,1,0,0,0,0,1,1,0,0,1,0,2165.0,7.68017564043659,0.19444444444444445,1970.5555555555557,LP002917,1
1.0,0,1,1,0,1,0,0,0,1,0,1,0,0,1,0,4750.0,8.465899897028686,0.2611111111111111,4488.888888888889,LP002925,1
0.0,0,1,0,1,0,0,1,0,1,0,0,1,0,1,0,2726.0,7.9105906122564775,0.29444444444444445,2431.5555555555557,LP002926,0
1.0,0,1,0,1,1,0,0,0,1,0,1,0,0,1,0,6416.0,8.766550149546351,0.3111111111111111,6104.888888888889,LP002928,1
1.0,0,1,0,1,0,0,1,0,1,0,0,1,0,1,0,6000.0,8.699514748210191,0.8541666666666666,5145.833333333333,LP002931,0
1.0,0,1,1,0,0,0,0,1,1,0,0,1,0,1,0,9357.0,9.143880005275912,0.8111111111111111,8545.888888888889,LP002933,1
1.0,0,1,0,1,1,0,0,0,1,0,1,0,1,0,0,7159.0,8.876125585396185,0.7888888888888889,6370.111111111111,LP002936,1
1.0,0,1,0,1,1,0,0,0,1,0,0,1,0,0,1,16120.0,9.68781601606062,0.7222222222222222,15397.777777777777,LP002938,1
1.0,0,1,1,0,1,0,0,0,0,1,1,0,1,0,0,3833.0,8.251403065380556,0.3055555555555556,3527.4444444444443,LP002940,1
1.0,0,1,0,1,0,0,1,0,0,1,0,1,1,0,0,7383.0,8.906935339059165,0.5194444444444445,6863.555555555556,LP002941,0
0.0,0,1,1,0,1,0,0,0,1,0,1,0,0,1,0,2987.0,8.00202481821611,0.24444444444444444,2742.5555555555557,LP002943,0
1.0,0,1,0,1,1,0,0,0,1,0,0,1,1,0,0,9963.0,9.206633510044856,0.5,9463.0,LP002945,1
1.0,0,1,0,1,0,0,1,0,1,0,1,0,0,0,1,5780.0,8.662158961666423,0.5333333333333333,5246.666666666667,LP002948,1
1.0,1,0,1,0,0,0,0,1,1,0,1,0,0,0,1,42083.0,10.647399137646048,1.9444444444444444,40138.555555555555,LP002949,0
1.0,0,1,0,1,1,0,0,0,0,1,1,0,1,0,0,5686.0,8.645762292210945,0.4305555555555556,5255.444444444444,LP002950,1
1.0,0,1,0,1,0,0,0,1,1,0,1,0,0,0,1,5703.0,8.648747631156539,0.35555555555555557,5347.444444444444,LP002953,1
1.0,0,1,1,0,1,0,0,0,1,0,1,0,1,0,0,7977.0,8.984317679911129,0.4777777777777778,7499.222222222223,LP002958,1
1.0,1,0,0,1,0,1,0,0,1,0,1,0,0,1,0,12000.0,9.392661928770137,1.3777777777777778,10622.222222222223,LP002959,1
1.0,0,1,0,1,1,0,0,0,0,1,1,0,0,0,1,6200.0,8.732304571033183,0.7111111111111111,5488.888888888889,LP002960,0
1.0,0,1,0,1,0,1,0,0,1,0,1,0,0,1,0,5900.0,8.68270762989381,0.48055555555555557,5419.444444444444,LP002961,1
1.0,0,1,0,1,0,0,1,0,0,1,1,0,1,0,0,5398.0,8.59378379357795,0.4361111111111111,4961.888888888889,LP002964,1
1.0,0,1,0,1,1,0,0,0,1,0,1,0,1,0,0,5182.0,8.552946361122055,0.3,4882.0,LP002974,1
1.0,1,0,1,0,1,0,0,0,1,0,1,0,1,0,0,2900.0,7.9724660159745655,0.19722222222222222,2702.777777777778,LP002978,1
1.0,0,1,0,1,0,0,0,1,1,0,1,0,1,0,0,4106.0,8.32020459757888,0.2222222222222222,3883.777777777778,LP002979,1
1.0,0,1,0,1,0,1,0,0,1,0,1,0,0,0,1,8312.0,9.025455532779063,0.7027777777777777,7609.222222222223,LP002983,1
1.0,0,1,0,1,0,0,1,0,1,0,1,0,0,0,1,7583.0,8.933664178700935,0.5194444444444445,7063.555555555556,LP002984,1
0.0,1,0,1,0,1,0,0,0,1,0,0,1,0,1,0,4583.0,8.430109084509125,0.36944444444444446,4213.555555555556,LP002990,0
