Loan_ID,Gender,Married,Dependents,Education,Self_Employed,Credit_History,Property_Area,Loan_Status,Total_Income,Total_Income_log,EMI,Balance_Income
LP001002,0.0,0.0,0.0,1.0,0.0,1.0,1.0,1.0,0.05539354936021519,0.3475904504805091,0.0358325805480277,0.08880545500005435
LP001003,0.0,1.0,0.3333333333333333,1.0,0.0,1.0,0.0,0.0,0.058435355338243795,0.35765434261582457,0.0358325805480277,0.09176504799486895
LP001005,0.0,1.0,0.0,1.0,1.0,1.0,1.0,1.0,0.01958319716433294,0.18185333020182493,0.017163504968383016,0.05606920392655643
LP001006,0.0,1.0,0.0,0.0,0.0,1.0,1.0,1.0,0.04398049221951281,0.30571223383383245,0.03342366757000903,0.07797263803280828
LP001008,0.0,0.0,0.0,1.0,0.0,1.0,1.0,1.0,0.05729153573493552,0.353917689122182,0.03974706413730804,0.0902105143006229
LP001011,0.0,1.0,0.6666666666666666,1.0,1.0,1.0,1.0,1.0,0.10270494482013122,0.4709256228333742,0.07768744354110207,0.1301161008381437
LP001013,0.0,1.0,0.0,0.0,0.0,1.0,1.0,1.0,0.030254656979813468,0.24371410990974562,0.025895814513700696,0.06546706671449848
LP001014,0.0,1.0,1.0,1.0,0.0,0.0,0.5,0.0,0.05150959048744312,0.3341171207164793,0.04486600421559771,0.08400732696300645
LP001018,0.0,1.0,0.6666666666666666,1.0,0.0,1.0,1.0,1.0,0.051409034917921516,0.3337583975365271,0.04787714543812105,0.08356977464696866
LP001020,0.0,1.0,0.3333333333333333,1.0,0.0,1.0,0.5,0.0,0.2811408029362226,0.69606295597507,0.10237880156579343,0.30094359108154234
LP001024,0.0,1.0,0.6666666666666666,1.0,0.0,1.0,1.0,1.0,0.03089569873551371,0.24698169000088172,0.018367961457392352,0.06694006892128407
LP001027,0.0,1.0,0.6666666666666666,1.0,0.0,1.0,1.0,1.0,0.03642625505920209,0.27351761350822307,0.03011141222523336,0.07099626042244182
LP001028,0.0,1.0,0.6666666666666666,1.0,0.0,1.0,1.0,1.0,0.12238869755398576,0.5083896260390534,0.057512797350195724,0.1515439346008762
LP001029,0.0,0.0,0.0,1.0,0.0,1.0,0.0,0.0,0.040863269564343,0.2929291260304898,0.03161698283649503,0.0751434954179304
LP001030,0.0,1.0,0.6666666666666666,1.0,0.0,1.0,1.0,1.0,0.01185298775735941,0.12490463278944283,0.012646793134598013,0.04905749600495712
LP001032,0.0,0.0,0.0,1.0,0.0,1.0,1.0,1.0,0.04409361723522462,0.3061639835441822,0.0349292381812707,0.07791284827533726
LP001034,0.0,0.0,0.3333333333333333,0.0,0.0,1.0,1.0,1.0,0.02707458709369265,0.22683620505041624,0.04245709123757904,0.06050451684440532
LP001036,1.0,0.0,0.0,1.0,0.0,0.0,1.0,0.0,0.02599361472133538,0.22082737517334838,0.020174646190906354,0.061966648186196176
LP001038,0.0,1.0,0.0,0.0,0.0,1.0,0.0,0.0,0.04330174212524196,0.30298433388410556,0.03733815115928937,0.07687060409396776
LP001041,0.0,1.0,0.0,1.0,0.0,1.0,1.0,1.0,0.05854848035395561,0.35802086348889955,0.03191809695874736,0.09231674439335139
LP001043,0.0,1.0,0.0,0.0,0.0,0.0,1.0,0.0,0.07815681641066895,0.41455005336606904,0.02860584161397169,0.11176879844329214
LP001046,0.0,1.0,0.3333333333333333,1.0,0.0,1.0,1.0,1.0,0.1274290454762563,0.517138085817434,0.0921409214092141,0.15254133646414245
LP001047,0.0,1.0,0.0,0.0,0.0,0.0,0.5,0.0,0.03857563035772644,0.28311058752506696,0.0322192110809997,0.07284974290404286
LP001050,0.0,1.0,0.6666666666666666,0.0,0.0,0.0,0.0,0.0,0.0482666733703713,0.3222788046546255,0.031014754591990365,0.08241474524127884
LP001052,0.0,1.0,0.3333333333333333,1.0,0.0,1.0,0.5,0.0,0.06536112018904447,0.37915182589849067,0.042758205359831374,0.09772228201197969
LP001066,0.0,1.0,0.0,1.0,1.0,1.0,0.5,1.0,0.10203876417205059,0.4695532176208487,0.05480277024992472,0.1320497559490809
LP001068,0.0,1.0,0.0,1.0,0.0,1.0,0.5,1.0,0.04537570074662511,0.3112271689736188,0.0340258958145137,0.07926219439280784
LP001073,0.0,1.0,0.6666666666666666,0.0,0.0,1.0,1.0,1.0,0.04806556223132809,0.3215257167889651,0.0304125263474857,0.0822870125775908
LP001086,0.0,0.0,0.0,0.0,0.0,1.0,1.0,0.0,0.0,0.0,0.007828967178560674,0.038068410353411825
LP001087,1.0,0.0,0.6666666666666666,1.0,0.0,1.0,0.5,1.0,0.05519243822117197,0.34691046677210563,0.03342366757000903,0.08888155105501745
LP001091,0.0,1.0,0.3333333333333333,1.0,0.0,1.0,1.0,0.0,0.07658563563689384,0.41046578226981173,0.05781391147244806,0.10694485210188176
LP001095,0.0,0.0,0.0,1.0,0.0,1.0,1.0,0.0,0.021682294678096483,0.1953009111954143,0.019572417946401688,0.057839796062572696
LP001097,0.0,0.0,0.3333333333333333,1.0,1.0,1.0,0.0,0.0,0.0408507001181528,0.29287622535957536,0.029208069858476363,0.07540303731967953
LP001098,0.0,1.0,0.0,1.0,0.0,1.0,0.5,1.0,0.0468211870584982,0.3168144849298422,0.03161698283649503,0.08094038417636891
LP001100,0.0,0.0,1.0,1.0,0.0,1.0,0.0,0.0,0.17670127454184367,0.5895140267943925,0.09364649202047576,0.20031199382534867
LP001106,0.0,1.0,0.0,1.0,0.0,1.0,1.0,1.0,0.03645139395158249,0.2736319818112497,0.0358325805480277,0.070375262259618
LP001109,0.0,1.0,0.0,1.0,0.0,0.0,1.0,0.0,0.021569169662384674,0.19459446721635382,0.02740138512496236,0.056846470773679464
LP001112,1.0,1.0,0.0,1.0,0.0,1.0,0.5,1.0,0.046305839764699964,0.31483687954377226,0.04065040650406504,0.07941982193523138
LP001114,0.0,0.0,0.0,1.0,0.0,1.0,1.0,1.0,0.12486487845345534,0.5127260316132759,0.05269497139415838,0.15449673330506908
LP001116,0.0,0.0,0.0,0.0,0.0,1.0,0.5,1.0,0.049950979159858216,0.32849780204139445,0.0304125263474857,0.08412147104545109
LP001119,0.0,0.0,0.0,1.0,0.0,1.0,1.0,0.0,0.027124864878453454,0.22711217661561375,0.021379102679915687,0.06293143745447825
LP001120,0.0,0.0,0.0,1.0,0.0,1.0,1.0,1.0,0.01974659996480555,0.18292669730418337,0.01144233664558868,0.05687364793616628
LP001123,0.0,1.0,0.0,1.0,0.0,1.0,1.0,1.0,0.012041529450212423,0.1264609789365793,0.019873532068654023,0.04842562697713857
LP001131,0.0,1.0,0.0,1.0,0.0,1.0,0.5,1.0,0.06077327232962116,0.36512126551615554,0.037639265281541705,0.09383594777636456
LP001136,0.0,1.0,0.0,0.0,1.0,1.0,1.0,1.0,0.040888408456723396,0.2930348935639724,0.026196928635953028,0.07577944102012196
LP001137,1.0,0.0,0.0,1.0,0.0,1.0,1.0,1.0,0.02473667010231529,0.21365241335175505,0.02378801565793436,0.060336018436987035
LP001138,0.0,1.0,0.3333333333333333,1.0,0.0,1.0,1.0,1.0,0.052879660122175015,0.3389537680117208,0.010538994278831676,0.08921311243735663
LP001144,0.0,1.0,0.0,1.0,0.0,1.0,1.0,1.0,0.05504160486688957,0.346399253828787,0.04065040650406504,0.08791947950298405
LP001146,1.0,1.0,0.0,1.0,0.0,0.0,1.0,0.0,0.05835993866110259,0.35740969437263737,0.03342366757000903,0.09196344128102274
LP001151,1.0,0.0,0.0,1.0,0.0,1.0,0.5,1.0,0.06074813343724075,0.36504215895164654,0.04065040650406504,0.09347177379904119
LP001155,1.0,1.0,0.0,0.0,0.0,1.0,0.5,1.0,0.02677292038512783,0.22517390153508848,0.02740138512496236,0.06190957614497386
LP001157,1.0,0.0,0.0,1.0,0.0,1.0,0.5,1.0,0.020664169536690213,0.1888693509971689,0.03342366757000903,0.05528650164693604
LP001164,1.0,0.0,0.0,1.0,0.0,1.0,0.5,0.0,0.03504361597828,0.26714480057865786,0.031014754591990365,0.0695490765200187
LP001179,0.0,1.0,0.6666666666666666,1.0,0.0,1.0,1.0,0.0,0.039895422207697526,0.28882242530308616,0.037639265281541705,0.07352237767559164
LP001186,1.0,1.0,0.3333333333333333,1.0,1.0,0.0,1.0,0.0,0.12642348978104026,0.5154172026875425,0.0834086118638964,0.15254813075476414
LP001194,0.0,1.0,0.6666666666666666,1.0,0.0,1.0,0.5,1.0,0.03058146258075869,0.2453853089536783,0.02649804275820536,0.0657170966093772
LP001195,0.0,1.0,0.0,1.0,0.0,1.0,0.5,1.0,0.02867090675984816,0.23545191406656696,0.026196928635953028,0.06389215014838731
LP001197,0.0,1.0,0.0,1.0,0.0,1.0,0.0,0.0,0.051836396088388345,0.3352794038285851,0.037940379403794036,0.08510664318559828
LP001198,0.0,1.0,0.3333333333333333,1.0,0.0,1.0,1.0,1.0,0.11171723773850524,0.48878273993985155,0.051490514905149054,0.14184032873495744
LP001199,0.0,1.0,0.6666666666666666,0.0,0.0,1.0,1.0,1.0,0.06000653611201891,0.36269710149213724,0.04065040650406504,0.09275022013501615
LP001205,0.0,1.0,0.0,1.0,0.0,1.0,1.0,1.0,0.06101209180723497,0.3658715232334084,0.03342366757000903,0.0945439128591462
LP001206,0.0,1.0,1.0,1.0,0.0,1.0,1.0,1.0,0.019947711103848763,0.18424142475914915,0.02710027100271003,0.055302807944428135
LP001207,0.0,1.0,0.0,0.0,1.0,0.0,0.0,0.0,0.058020563613967166,0.3563057836795062,0.0966576332429991,0.08449923360401787
LP001213,0.0,1.0,0.3333333333333333,1.0,0.0,0.0,0.0,0.0,0.04403077000427361,0.30591311298485374,0.0358325805480277,0.07774978530041635
LP001222,1.0,0.0,0.0,1.0,0.0,0.0,0.5,0.0,0.03423917142210714,0.2633602752932672,0.0322192110809997,0.06863048842796421
LP001225,0.0,1.0,0.0,1.0,0.0,1.0,0.5,0.0,0.11160411272279343,0.48856637000934955,0.07497741644083107,0.13908048788442098
LP001228,0.0,0.0,0.0,0.0,0.0,0.0,1.0,0.0,0.05042861811508585,0.3302334085778619,0.07317073170731707,0.0797622541825653
LP001233,0.0,1.0,0.3333333333333333,1.0,0.0,1.0,1.0,1.0,0.1169964051383896,0.49867582211166456,0.09123757904245709,0.1424925806346411
LP001238,0.0,1.0,1.0,0.0,1.0,1.0,1.0,1.0,0.07111792654415647,0.39570464121600185,0.22312556458897925,0.08297459478850731
LP001241,1.0,0.0,0.0,1.0,0.0,0.0,0.5,0.0,0.03592347721159406,0.2712191119260614,0.03824149352604637,0.06958984226374894
LP001243,0.0,1.0,0.0,1.0,0.0,1.0,1.0,1.0,0.060735563991050553,0.365002596213922,0.04908160192713038,0.09250834338888346
LP001245,0.0,1.0,0.6666666666666666,0.0,1.0,1.0,0.5,1.0,0.029010281806983583,0.237245681467071,0.02649804275820536,0.06418838121949363
LP001248,0.0,0.0,0.0,1.0,0.0,1.0,0.5,1.0,0.02586792025943337,0.22011913960782695,0.02655826558265583,0.06112415614910478
LP001250,0.0,1.0,1.0,0.0,0.0,0.0,0.5,0.0,0.04164257522813545,0.2961871441427522,0.025895814513700696,0.07654719586037462
LP001253,0.0,1.0,1.0,1.0,1.0,1.0,0.5,1.0,0.07036375977274441,0.3935979547615813,0.05359831376091539,0.10136673950146212
LP001255,0.0,0.0,0.0,1.0,0.0,1.0,1.0,0.0,0.029010281806983583,0.237245681467071,0.022809394760614273,0.06460453152007306
LP001256,0.0,0.0,0.0,1.0,0.0,1.0,1.0,0.0,0.08871515121043767,0.4403800880725974,0.050286058416139714,0.11959582123949603
LP001259,0.0,1.0,0.3333333333333333,1.0,1.0,1.0,1.0,0.0,0.03242917117071822,0.2546280507631802,0.0304125263474857,0.06707323701746948
LP001263,0.0,1.0,1.0,1.0,0.0,0.0,0.5,0.0,0.07196007943889993,0.3980361700430747,0.06233062330623306,0.10193474219743665
LP001264,0.0,1.0,1.0,0.0,1.0,1.0,0.5,1.0,0.050994243193644886,0.3322731603777142,0.036434808792532365,0.0844571090021633
LP001265,1.0,0.0,0.0,1.0,0.0,1.0,0.5,1.0,0.030216948641242868,0.2435205532548492,0.03071364046973803,0.06488683429540487
LP001266,0.0,1.0,0.3333333333333333,1.0,1.0,1.0,0.5,1.0,0.011978682219261419,0.12594328031864363,0.0358325805480277,0.04656399134679146
LP001267,1.0,1.0,0.6666666666666666,1.0,0.0,1.0,1.0,0.0,0.022838683727594962,0.20240931739251194,0.04757603131586872,0.05580558545043429
LP001273,0.0,1.0,0.0,1.0,0.0,1.0,0.5,0.0,0.08557278966288745,0.43296949605075047,0.07708521529659741,0.11351493113307026
LP001275,0.0,1.0,0.3333333333333333,1.0,0.0,1.0,1.0,1.0,0.03200181000025139,0.25252066294820874,0.019873532068654023,0.06784642729021947
LP001279,0.0,0.0,0.0,1.0,0.0,1.0,0.5,1.0,0.04342743658714397,0.303491767415928,0.03824149352604637,0.07689098696583288
LP001280,0.0,1.0,0.6666666666666666,0.0,0.0,1.0,0.5,1.0,0.048907715126071546,0.3246641374247799,0.02710027100271003,0.08348009001076216
LP001282,0.0,1.0,0.0,1.0,0.0,1.0,0.5,1.0,0.03992056110007793,0.28892995677426214,0.02860584161397169,0.07456598071508551
LP001289,0.0,0.0,0.0,1.0,0.0,1.0,1.0,1.0,0.08954473465899092,0.442300126031555,0.060523938572719066,0.11924795355966476
LP001310,0.0,1.0,0.0,1.0,0.0,1.0,0.5,1.0,0.10583473692149124,0.477273682538968,0.04998494429388738,0.13628667558077595
LP001316,0.0,1.0,0.0,1.0,0.0,1.0,0.5,1.0,0.055506674375927,0.3479721243535908,0.036735922914784704,0.0888136081488004
LP001318,0.0,1.0,0.6666666666666666,1.0,0.0,1.0,0.5,1.0,0.13150154604188138,0.5239881706776891,0.11050888286660647,0.1544315081151007
LP001319,0.0,1.0,0.6666666666666666,0.0,0.0,1.0,1.0,1.0,0.04589104804042334,0.3132336249029331,0.021680216802168025,0.08115644261813912
LP001322,0.0,0.0,0.0,1.0,0.0,1.0,0.5,1.0,0.03382437969783051,0.26138609905819044,0.0340258958145137,0.06802307884638381
LP001325,0.0,0.0,0.0,0.0,0.0,1.0,0.5,1.0,0.027376253802257472,0.22848745103260484,0.019873532068654023,0.06334588918240223
LP001326,0.0,0.0,0.0,1.0,0.0,1.0,1.0,0.0,0.06712084265567259,0.3843297692373485,0.0358325805480277,0.10021578667014536
LP001327,1.0,1.0,0.0,1.0,0.0,1.0,0.5,1.0,0.04203222806003167,0.2978002571071999,0.0385426076482987,0.07549951624650773
LP001333,0.0,1.0,0.0,1.0,0.0,1.0,0.5,1.0,0.019256391563387716,0.17969257121904095,0.01234567901234568,0.05629477437519704
LP001334,0.0,1.0,0.0,0.0,0.0,1.0,0.5,1.0,0.034515699238291564,0.26466772402825317,0.06654622101776572,0.065026796682212
LP001343,0.0,1.0,0.0,1.0,0.0,1.0,0.5,1.0,0.04849292340179492,0.32312330653733323,0.036735922914784704,0.08198942264836014
LP001345,0.0,1.0,0.6666666666666666,0.0,0.0,1.0,1.0,1.0,0.07678674677593705,0.4109923345496022,0.07738632941884975,0.10493238321973279
LP001349,0.0,0.0,0.0,1.0,0.0,1.0,0.5,1.0,0.0905879986927776,0.44469382694689774,0.042758205359831374,0.12226733631195033
LP001350,0.0,1.0,0.0,1.0,0.0,1.0,1.0,1.0,0.1534477990899721,0.5579630560062753,0.0358325805480277,0.18420952505190838
LP001356,0.0,1.0,0.0,1.0,0.0,1.0,0.5,1.0,0.08538424797003444,0.4325177463404007,0.0358325805480277,0.11798557436215201
LP001357,0.0,1.0,0.0,1.0,0.0,1.0,1.0,1.0,0.03931722768294829,0.2863362572808594,0.04546823246010238,0.07207655263129287
LP001367,0.0,1.0,0.3333333333333333,1.0,0.0,1.0,1.0,1.0,0.03318333794213027,0.2583038789943856,0.02740138512496236,0.06814673493569884
LP001369,0.0,1.0,0.6666666666666666,1.0,0.0,1.0,1.0,1.0,0.13953342215741973,0.5369680206953906,0.06504065040650407,0.16737599060757263
LP001370,0.0,0.0,0.0,0.0,0.0,1.0,0.0,0.0,0.07404660750647327,0.4037201758839824,0.03342366757000903,0.10722613573362035
LP001379,0.0,1.0,0.6666666666666666,1.0,0.0,0.0,1.0,0.0,0.07488876040121673,0.4059779581789151,0.06233062330623306,0.10478426768417963
LP001384,0.0,1.0,1.0,0.0,0.0,1.0,0.5,1.0,0.017383544081047787,0.16693334862547743,0.01851851851851852,0.05377613084173107
LP001385,0.0,0.0,0.0,1.0,0.0,1.0,1.0,1.0,0.04869403454083813,0.3238715705472416,0.03824149352604637,0.08201524095272261
LP001387,1.0,1.0,0.0,1.0,0.0,1.0,0.5,1.0,0.04801528444656728,0.3213370872986364,0.039144835892803376,0.08125292154496733
LP001391,0.0,1.0,0.0,0.0,0.0,0.0,0.0,0.0,0.07848362201161417,0.41539120448115663,0.04305931948208371,0.11045614149517877
LP001392,1.0,0.0,0.3333333333333333,1.0,1.0,1.0,0.5,1.0,0.07552980215691697,0.4076829081528294,0.0358325805480277,0.10839747143680224
LP001398,0.0,0.0,0.0,1.0,0.0,1.0,0.5,1.0,0.0453505618542447,0.3111288769916068,0.03282143932550437,0.0793736207590038
LP001401,0.0,1.0,0.3333333333333333,1.0,0.0,1.0,0.0,1.0,0.1651750923854295,0.5743756882603556,0.10870219813309244,0.1873987650697366
LP001404,1.0,1.0,0.0,1.0,0.0,1.0,0.5,1.0,0.050378340330325046,0.33005128355331087,0.043661547726588375,0.08304253769472437
LP001405,0.0,1.0,0.3333333333333333,1.0,0.0,1.0,1.0,1.0,0.027275698232735866,0.22793825523928354,0.022884673291177358,0.06290833686636445
LP001421,0.0,1.0,0.0,1.0,0.0,1.0,0.0,0.0,0.078785288720179,0.4161651299633081,0.04998494429388738,0.10996831142854037
LP001422,1.0,0.0,0.0,1.0,0.0,1.0,1.0,1.0,0.11269765454134091,0.4906500878323494,0.07527853056308341,0.1401105023426714
LP001426,0.0,1.0,0.0,1.0,0.0,1.0,0.0,1.0,0.08662862314286432,0.43548421333243403,0.051490514905149054,0.11742980138929654
LP001430,1.0,0.0,0.0,1.0,0.0,1.0,0.5,1.0,0.03423917142210714,0.2633602752932672,0.010538994278831676,0.07107643305177792
LP001431,1.0,0.0,0.0,1.0,0.0,0.0,0.5,1.0,0.12160939189019332,0.50700904689438,0.0385426076482987,0.15292589331333095
LP001432,0.0,1.0,0.6666666666666666,1.0,0.0,1.0,0.5,1.0,0.0190427109781543,0.17826952946845276,0.021680216802168025,0.05503375403580863
LP001439,0.0,1.0,0.0,0.0,0.0,1.0,0.0,1.0,0.06123834183865859,0.3665802081163139,0.05570611261668172,0.09225016034525868
LP001443,1.0,0.0,0.0,1.0,0.0,1.0,0.0,1.0,0.028281253927951933,0.2333762908294559,0.02529358626919603,0.06361494309102174
LP001448,0.0,1.0,1.0,1.0,0.0,1.0,0.0,1.0,0.28106538625908145,0.6960003911430167,0.10870219813309244,0.300156812227549
LP001449,0.0,0.0,0.0,1.0,0.0,1.0,0.0,1.0,0.05106965987078609,0.33254386530893437,0.0358325805480277,0.08459843024709476
LP001451,0.0,1.0,0.3333333333333333,1.0,1.0,0.0,1.0,0.0,0.1624098142235853,0.5706022439840318,0.09364649202047576,0.1864067986389677
LP001465,0.0,1.0,0.0,1.0,0.0,1.0,0.0,0.0,0.0905879986927776,0.44469382694689774,0.05209274314965372,0.1212142212655861
LP001469,0.0,0.0,0.0,1.0,1.0,1.0,1.0,1.0,0.2353503104653209,0.6548394191644267,0.14408310749774167,0.25168566350324495
LP001473,0.0,0.0,0.0,1.0,0.0,1.0,1.0,1.0,0.03143618492169235,0.24970367700537283,0.019572417946401688,0.06733006120296992
LP001478,0.0,0.0,0.0,1.0,0.0,1.0,0.5,1.0,0.016038613338696297,0.15734843272066662,0.018367961457392352,0.052484536194545
LP001482,0.0,1.0,0.0,1.0,1.0,1.0,0.5,1.0,0.025352572965635135,0.21719406127643642,0.019873532068654023,0.06137690376023219
LP001487,0.0,0.0,0.0,1.0,0.0,1.0,0.5,1.0,0.043402297694763566,0.30339036365743927,0.028003613369467027,0.07802155692528455
LP001488,0.0,1.0,1.0,1.0,0.0,1.0,0.5,0.0,0.12956585132859047,0.5207558255917943,0.08461306835290576,0.15546967572209722
LP001489,1.0,1.0,0.0,1.0,0.0,1.0,0.0,0.0,0.0394806304834209,0.2870413977452334,0.022583559168925023,0.07481736946808858
LP001491,0.0,1.0,0.6666666666666666,1.0,1.0,1.0,1.0,1.0,0.06754820382613942,0.385571136364545,0.02378801565793436,0.10199045538053463
LP001492,0.0,0.0,0.0,1.0,0.0,0.0,0.5,0.0,0.17040398200055307,0.5813578496629691,0.07015959048479374,0.19683467588516018
LP001493,0.0,1.0,0.6666666666666666,0.0,0.0,1.0,0.0,0.0,0.0526408406445612,0.3381174357108842,0.036133694670280034,0.08609317418386982
LP001497,0.0,1.0,0.6666666666666666,1.0,0.0,1.0,0.0,0.0,0.07143216269891149,0.39657717778157103,0.05299608551641071,0.10247420887280001
LP001498,0.0,0.0,0.0,1.0,0.0,1.0,1.0,1.0,0.049963548606048416,0.3285436317096366,0.04787714543812105,0.08216335648827577
LP001504,0.0,0.0,0.0,1.0,1.0,1.0,0.5,1.0,0.06923250961562634,0.3904040185257286,0.10267991568804577,0.09472871756405657
LP001507,0.0,1.0,0.0,1.0,0.0,1.0,0.5,1.0,0.04135347796576083,0.29498350794069444,0.0340258958145137,0.07534868299470589
LP001508,0.0,1.0,0.6666666666666666,1.0,0.0,1.0,1.0,1.0,0.12965383745192186,0.5209036670715799,0.1099066546221018,0.15270168172281468
LP001514,1.0,1.0,0.0,1.0,0.0,1.0,0.5,1.0,0.06754820382613942,0.385571136364545,0.02740138512496236,0.10158279794323234
LP001516,1.0,1.0,0.6666666666666666,1.0,0.0,1.0,1.0,1.0,0.16873224565725634,0.5791468562521398,0.018367961457392352,0.20105121264499015
LP001518,0.0,1.0,0.3333333333333333,1.0,0.0,1.0,1.0,1.0,0.019118127655295507,0.17877271152721982,0.006323396567299006,0.05683967648305775
LP001519,1.0,0.0,0.0,1.0,0.0,1.0,0.0,0.0,0.1285100178486136,0.5189748256924627,0.06504065040650407,0.1566505234321495
LP001520,0.0,1.0,0.0,1.0,0.0,1.0,0.5,1.0,0.05339500741597325,0.3407489415977826,0.0349292381812707,0.08696284338344802
LP001528,0.0,0.0,0.0,1.0,0.0,0.0,0.0,0.0,0.06077327232962116,0.36512126551615554,0.03282143932550437,0.09437949102610095
LP001529,0.0,1.0,0.0,1.0,1.0,1.0,0.0,1.0,0.0614017446391312,0.3670907807455243,0.04305931948208371,0.09383594777636456
LP001531,0.0,0.0,0.0,1.0,0.0,1.0,1.0,0.0,0.09708640237311145,0.45910575666559006,0.0707618187292984,0.1254307580254161
LP001532,0.0,1.0,0.6666666666666666,0.0,0.0,1.0,0.0,0.0,0.010545765353578521,0.1138369680743334,0.031315868714242696,0.045679374707845506
LP001535,0.0,0.0,0.0,1.0,0.0,1.0,1.0,1.0,0.02277583649664396,0.2020281774476407,0.01234567901234568,0.05971909684853624
LP001536,0.0,1.0,1.0,1.0,0.0,0.0,0.5,1.0,0.48464013675557455,0.8248457134819561,0.3586269196025294,0.4700331017839089
LP001541,0.0,1.0,0.3333333333333333,1.0,0.0,1.0,0.0,1.0,0.05729153573493552,0.353917689122182,0.04546823246010238,0.08956505669156095
LP001543,0.0,1.0,0.3333333333333333,1.0,0.0,1.0,1.0,1.0,0.10176223635586616,0.4689813040009005,0.05359831376091539,0.13191658785289545
LP001546,0.0,0.0,0.0,1.0,0.0,1.0,0.0,1.0,0.04551396465471731,0.3117670802829717,0.03342366757000903,0.07946466425333464
LP001552,0.0,1.0,0.0,1.0,0.0,1.0,0.5,1.0,0.11018376530330073,0.485833553388811,0.07407407407407408,0.13780044353129178
LP001560,0.0,1.0,0.0,0.0,0.0,1.0,0.5,1.0,0.018376530330073658,0.17377989026322452,0.026799156880457694,0.05380806400765308
LP001562,0.0,1.0,0.0,1.0,0.0,1.0,1.0,0.0,0.08158827522059378,0.42324311589349917,0.08009635651912074,0.10929839437324028
LP001565,0.0,1.0,0.3333333333333333,1.0,0.0,0.0,0.5,0.0,0.036790768998717915,0.2751708187281203,0.03372478169226137,0.07094326495559251
LP001570,0.0,1.0,0.6666666666666666,1.0,0.0,1.0,0.0,1.0,0.052439729505517986,0.3374109638079955,0.04486600421559771,0.08491232647381752
LP001572,0.0,1.0,0.0,1.0,0.0,1.0,1.0,1.0,0.09905980542497297,0.4633216743631528,0.04245709123757904,0.1305441411473111
LP001574,0.0,1.0,0.0,1.0,0.0,1.0,0.0,1.0,0.06826466225898087,0.3876384249063601,0.05209274314965372,0.0994942330061203
LP001577,1.0,1.0,0.0,1.0,0.0,1.0,0.0,0.0,0.0394806304834209,0.2870413977452334,0.031014754591990365,0.0738661687810499
LP001578,0.0,1.0,0.0,1.0,0.0,1.0,0.0,1.0,0.05442570200356972,0.3443008054714036,0.036133694670280034,0.08782979486677756
LP001579,0.0,0.0,0.0,1.0,0.0,0.0,0.5,0.0,0.009992709721209683,0.10900175478854898,0.011517615176151763,0.04737488993249193
LP001580,0.0,1.0,0.6666666666666666,1.0,0.0,1.0,0.5,1.0,0.08243042811533724,0.4253308503635046,0.057512797350195724,0.11266564480535718
LP001581,0.0,1.0,0.0,0.0,0.0,1.0,0.0,1.0,0.026986600970361246,0.22635251532708361,0.025895814513700696,0.06228733870354064
LP001585,0.0,1.0,1.0,1.0,0.0,1.0,1.0,1.0,0.6325071017370975,0.8888463080365057,0.25022583559168926,0.6261332876757003
LP001586,0.0,1.0,1.0,0.0,0.0,1.0,0.0,0.0,0.026144448075617787,0.22167459919481844,0.04607046070460705,0.05919185989629195
LP001594,0.0,1.0,0.0,1.0,0.0,1.0,0.5,1.0,0.1243243922672767,0.5117859481360393,0.05359831376091539,0.15386894085162356
LP001603,0.0,1.0,0.0,0.0,1.0,1.0,0.5,0.0,0.04572764523995073,0.3125991857164824,0.023486901535682024,0.08079362749894009
LP001606,0.0,1.0,0.0,1.0,0.0,1.0,0.0,1.0,0.05051660423841726,0.3305518061993962,0.0322192110809997,0.08446797986715802
LP001608,0.0,1.0,0.6666666666666666,1.0,0.0,1.0,0.0,1.0,0.02792930943462631,0.23148649944984567,0.02770249924721469,0.06300073921881964
LP001610,0.0,1.0,1.0,1.0,0.0,0.0,0.5,0.0,0.19324266572814802,0.6097430069713954,0.14634146341463417,0.21046130515605127
LP001616,0.0,1.0,0.3333333333333333,1.0,0.0,1.0,0.5,1.0,0.029010281806983583,0.237245681467071,0.0322192110809997,0.06354292361043168
LP001630,0.0,0.0,0.0,0.0,0.0,0.0,1.0,0.0,0.029437642977450412,0.23948621632413813,0.02032520325203252,0.0653006065942667
LP001633,0.0,1.0,0.3333333333333333,1.0,0.0,0.0,1.0,0.0,0.1534477990899721,0.5579630560062753,0.051490514905149054,0.18244300949026515
LP001634,0.0,0.0,0.0,1.0,0.0,1.0,0.0,0.0,0.06959702355514216,0.3914376700332452,0.017464619090635354,0.1046973007642218
LP001636,0.0,1.0,0.0,1.0,0.0,1.0,0.5,1.0,0.039694311068654314,0.28796049250193984,0.04125263474856971,0.07291904466838427
LP001637,0.0,1.0,0.3333333333333333,1.0,0.0,1.0,0.5,0.0,0.40730033434726864,0.7833818869839055,0.07557964468533575,0.4267167813542924
LP001639,1.0,1.0,0.0,1.0,0.0,1.0,0.5,1.0,0.027439101033208478,0.2288300824152662,0.02981029810298103,0.0622859798454163
LP001640,0.0,1.0,0.0,1.0,1.0,1.0,0.5,1.0,0.5336358380049775,0.8479295950804965,0.03342366757000903,0.554393731859244
LP001641,0.0,1.0,0.3333333333333333,1.0,1.0,0.0,0.0,0.0,0.009251112395987833,0.10236672902190214,0.021138211382113824,0.045567948341649546
LP001643,0.0,1.0,0.0,1.0,0.0,1.0,0.0,1.0,0.038701324819628444,0.2836602697632435,0.01475459199036435,0.07494238441552795
LP001644,0.0,1.0,0.0,1.0,1.0,1.0,0.0,1.0,0.05691445234922949,0.35267339379844903,0.04787714543812105,0.0889263933731207
LP001647,0.0,1.0,0.0,1.0,0.0,1.0,0.0,1.0,0.09912265265592397,0.46345476985576706,0.11050888286660647,0.12292774136038004
LP001653,0.0,0.0,0.0,0.0,0.0,1.0,0.0,1.0,0.04327660323286156,0.3028827225861956,0.011743450767841012,0.07973371816195415
LP001656,0.0,0.0,0.0,1.0,0.0,1.0,0.5,0.0,0.13270821287614068,0.5259820480425391,0.04667268894911171,0.16280750959353837
LP001657,0.0,1.0,0.0,0.0,0.0,1.0,1.0,0.0,0.05770632745921215,0.3552792484422151,0.04546823246010238,0.08996863755449021
LP001658,0.0,0.0,0.0,1.0,0.0,1.0,0.5,1.0,0.030367781995525277,0.24429387599032257,0.020174646190906354,0.06622259183163204
LP001664,0.0,0.0,0.0,1.0,0.0,1.0,0.0,1.0,0.03455340757686216,0.26484548013848264,0.03342366757000903,0.06880034569350682
LP001665,0.0,1.0,0.3333333333333333,1.0,0.0,1.0,0.5,0.0,0.05362125744739687,0.34153298421340755,0.04847937368262571,0.08565426300970767
LP001666,0.0,0.0,0.0,1.0,0.0,1.0,0.0,1.0,0.13375147690992734,0.5276931058471198,0.05359831376091539,0.163041233190925
LP001669,1.0,0.0,0.0,0.0,0.0,1.0,1.0,1.0,0.035571532718268434,0.2695974031426596,0.03342366757000903,0.06979095326615138
LP001671,1.0,1.0,0.0,1.0,0.0,1.0,0.5,1.0,0.06020764725106212,0.3633352416824547,0.031315868714242696,0.09399901075128549
LP001673,0.0,0.0,0.0,1.0,1.0,1.0,1.0,0.0,0.12013876668593981,0.5043826572920731,0.02228244504667269,0.15332947417626022
LP001674,0.0,1.0,0.3333333333333333,0.0,0.0,1.0,0.5,1.0,0.04597903416375475,0.31357457556602913,0.024390243902439025,0.0809363076019959
LP001677,0.0,0.0,0.6666666666666666,1.0,0.0,0.0,0.5,1.0,0.043754242188089196,0.30480626057519106,0.04727491719361638,0.07618981617367293
LP001682,0.0,1.0,1.0,0.0,0.0,1.0,1.0,0.0,0.032052087785012194,0.25276952151273824,0.07437518819632641,0.06174651317005294
LP001688,0.0,1.0,0.3333333333333333,0.0,0.0,1.0,1.0,1.0,0.0394806304834209,0.2870413977452334,0.037940379403794036,0.07308482535955386
LP001691,0.0,1.0,0.6666666666666666,0.0,0.0,1.0,0.5,1.0,0.031109379320747126,0.24806139459535353,0.03462812405901837,0.06531351574644795
LP001692,1.0,0.0,0.0,0.0,0.0,1.0,0.5,1.0,0.03728097740013575,0.2773768761992745,0.03342366757000903,0.0714541956103447
LP001693,1.0,0.0,0.0,1.0,0.0,1.0,1.0,1.0,0.02265014203474195,0.20126413745596256,0.021379102679915687,0.05857765602408983
LP001698,0.0,0.0,0.0,0.0,0.0,1.0,0.0,1.0,0.06365167550717715,0.37401623810480966,0.01385124962360735,0.09932029916620466
LP001699,0.0,0.0,0.0,1.0,0.0,1.0,1.0,1.0,0.013034515699238292,0.1345004909157483,0.015055706112616684,0.049935318353281376
LP001702,0.0,0.0,0.0,1.0,0.0,1.0,0.5,0.0,0.0248372256718369,0.21423410406275098,0.03553146642577537,0.05910896955070716
LP001708,1.0,0.0,0.0,1.0,0.0,1.0,0.5,0.0,0.10756932049573896,0.4807232016287507,0.06172839506172839,0.13664949069997498
LP001711,0.0,1.0,1.0,1.0,0.0,0.0,0.5,0.0,0.040699866763870385,0.29224053641467057,0.0358325805480277,0.07450890867386317
LP001713,0.0,1.0,0.3333333333333333,1.0,1.0,1.0,1.0,1.0,0.07975313607682445,0.41863197643602434,0.06955736224028906,0.10870185565665459
LP001715,0.0,1.0,1.0,0.0,1.0,1.0,0.0,1.0,0.05355841021644586,0.3413154428820474,0.036434808792532365,0.0869519725184533
LP001716,0.0,1.0,0.0,1.0,0.0,1.0,1.0,1.0,0.05973000829583448,0.36181697152240566,0.0385426076482987,0.0927189663981563
LP001720,0.0,1.0,1.0,0.0,0.0,1.0,0.5,1.0,0.04262299203097111,0.3002261233146853,0.02740138512496236,0.07733125699811935
LP001722,0.0,1.0,0.0,1.0,0.0,1.0,0.0,0.0,0.0063852786646220365,0.07491733108052487,0.037940379403794036,0.04088396438704628
LP001726,0.0,1.0,0.0,1.0,0.0,1.0,0.5,1.0,0.05103195153221549,0.33240854974421635,0.036735922914784704,0.08445982671841198
LP001732,0.0,1.0,0.6666666666666666,1.0,0.0,0.0,0.5,0.0,0.04472208954473466,0.3086588427083936,0.01897018970189702,0.08032482144604246
LP001734,1.0,1.0,0.6666666666666666,1.0,0.0,1.0,0.5,1.0,0.0656627868976093,0.3800471790687185,0.03553146642577537,0.09883111024144192
LP001736,0.0,1.0,0.0,1.0,0.0,0.0,1.0,0.0,0.00979159858216647,0.10721987977226613,0.015356820234869015,0.046746078335453155
LP001743,0.0,1.0,0.6666666666666666,1.0,0.0,1.0,0.5,1.0,0.053847507478820486,0.342314558263275,0.0322192110809997,0.0877088564937112
LP001744,0.0,0.0,0.0,1.0,0.0,1.0,0.5,1.0,0.054300007541667715,0.34387036250360875,0.04065040650406504,0.08719792583895901
LP001749,0.0,1.0,0.0,1.0,0.0,1.0,0.5,1.0,0.08982126247517534,0.44293685259508864,0.04998494429388738,0.12070600832708259
LP001750,0.0,1.0,0.0,1.0,0.0,1.0,0.5,1.0,0.060433897282485737,0.3640511939736393,0.0358325805480277,0.09370957397080086
LP001751,0.0,1.0,0.0,1.0,0.0,1.0,0.0,0.0,0.022725558711883153,0.2017228435870929,0.04847937368262571,0.055593603583037096
LP001754,0.0,1.0,0.0,0.0,1.0,1.0,1.0,0.0,0.04139118630433143,0.2951408353341481,0.03884372177055104,0.07484182891432671
LP001758,0.0,1.0,0.6666666666666666,1.0,0.0,1.0,0.5,1.0,0.0817391085748762,0.42361833157999457,0.060523938572719066,0.11165329550272317
LP001760,0.0,1.0,0.0,1.0,0.0,1.0,0.5,1.0,0.04168028356670605,0.2963437107813881,0.03297199638663053,0.0757855558816815
LP001761,0.0,0.0,0.0,1.0,1.0,1.0,0.0,1.0,0.062319314211015865,0.3699384990982585,0.057512797350195724,0.09309808781484742
LP001765,0.0,1.0,0.3333333333333333,1.0,0.0,1.0,0.5,1.0,0.03900299152819327,0.284974562164073,0.02860584161397169,0.0736732109273935
LP001768,0.0,1.0,0.0,1.0,0.0,1.0,0.0,1.0,0.028582920636516754,0.23498473963608732,0.022583559168925023,0.06421419952385611
LP001770,0.0,0.0,0.0,0.0,0.0,1.0,0.0,1.0,0.05461424369642274,0.34494507366935745,0.03342366757000903,0.0883189837915403
LP001776,1.0,0.0,0.0,1.0,0.0,1.0,0.5,1.0,0.08661605369667412,0.43545442556047426,0.08160192713038242,0.1140204263553251
LP001778,0.0,1.0,0.3333333333333333,1.0,0.0,1.0,0.5,1.0,0.0438925060961814,0.305360303692598,0.03944595001505571,0.07720760090880431
LP001784,0.0,1.0,0.3333333333333333,1.0,0.0,1.0,0.0,1.0,0.06684431483948818,0.3835232110412611,0.04847937368262571,0.09851993173096783
LP001786,0.0,1.0,0.0,1.0,0.0,1.0,1.0,0.0,0.054098896402624504,0.3431800974851078,0.07407407407407408,0.08323141897400776
LP001788,1.0,0.0,0.0,1.0,1.0,1.0,1.0,1.0,0.025402850750395937,0.21748095688459537,0.0340258958145137,0.05982916435660786
LP001790,1.0,0.0,0.3333333333333333,1.0,0.0,1.0,0.0,1.0,0.02978958747077604,0.24131629810571678,0.031014754591990365,0.06443705225624803
LP001792,0.0,1.0,0.3333333333333333,1.0,0.0,1.0,0.5,1.0,0.023542572714246212,0.2066385764447284,0.026196928635953028,0.05890242311580733
LP001798,0.0,1.0,0.6666666666666666,1.0,0.0,1.0,0.0,1.0,0.11786369692551346,0.5002640617004637,0.03342366757000903,0.1498589505266934
LP001800,0.0,1.0,0.3333333333333333,0.0,0.0,1.0,1.0,0.0,0.03834938032630282,0.28211808172668784,0.08160192713038242,0.06705828957810174
LP001806,0.0,0.0,0.0,1.0,0.0,1.0,1.0,1.0,0.09080167927801101,0.4451812679068208,0.2773261065943993,0.09601147963343443
LP001807,0.0,1.0,0.6666666666666666,1.0,1.0,1.0,0.0,1.0,0.07677417732974685,0.4109594577338031,0.02981029810298103,0.1102876430877605
LP001811,0.0,1.0,0.0,0.0,0.0,1.0,0.5,1.0,0.08020563613967169,0.41977695095840367,0.03432700993676603,0.11311678570263835
LP001813,0.0,0.0,0.0,1.0,1.0,1.0,1.0,0.0,0.11238341838658589,0.4900531071268338,0.06955736224028906,0.14045021687375664
LP001814,0.0,1.0,0.6666666666666666,1.0,0.0,1.0,1.0,1.0,0.1038361949772493,0.4732388799709368,0.031014754591990365,0.13648235115068105
LP001819,0.0,1.0,0.3333333333333333,0.0,0.0,1.0,1.0,1.0,0.06493375901857765,0.37787785517640066,0.07979524239686842,0.09312798269358293
LP001824,0.0,1.0,0.3333333333333333,1.0,0.0,1.0,0.5,1.0,0.04126549184242942,0.29461602245932805,0.025067750677506773,0.076273725662851
LP001825,0.0,1.0,0.0,1.0,0.0,1.0,1.0,1.0,0.028092712235098922,0.23236569207718294,0.024390243902439025,0.0635334116035613
LP001835,0.0,1.0,0.0,0.0,0.0,0.0,0.5,0.0,0.05173584051886674,0.3349223575285146,0.05781391147244806,0.08276668949548316
LP001836,1.0,0.0,0.6666666666666666,1.0,0.0,1.0,1.0,0.0,0.024950350687548705,0.21488688094029276,0.03884372177055104,0.058845351074584995
LP001841,0.0,0.0,0.0,0.0,1.0,1.0,0.0,1.0,0.04157972799718444,0.2959259801025361,0.02860584161397169,0.07618030416680255
LP001843,0.0,1.0,0.3333333333333333,0.0,0.0,1.0,0.5,1.0,0.10457779230247115,0.47474373404703224,0.16531165311653118,0.12205263672830446
LP001844,0.0,0.0,0.0,1.0,1.0,0.0,1.0,0.0,0.18612835918449433,0.6012439126930531,0.05510388437217705,0.21383263216254114
LP001846,1.0,0.0,1.0,1.0,0.0,1.0,0.0,1.0,0.02062646119811961,0.18862791502677162,0.07407407407407408,0.05066366630792812
LP001849,0.0,0.0,0.0,0.0,0.0,0.0,0.0,0.0,0.057857160813494554,0.3557725151665235,0.03191809695874736,0.09164410962180261
LP001854,0.0,1.0,1.0,1.0,0.0,1.0,1.0,0.0,0.047864451092284876,0.3207703372868614,0.02559470039144836,0.08263488025742208
LP001859,0.0,1.0,0.0,1.0,0.0,1.0,0.0,0.0,0.19282787400387139,0.6092553850930101,0.08882866606443843,0.21654627183685005
LP001864,0.0,1.0,1.0,0.0,0.0,1.0,0.5,0.0,0.0438547977576108,0.305209323618611,0.0358325805480277,0.07757856917674939
LP001865,0.0,1.0,0.3333333333333333,1.0,0.0,1.0,1.0,1.0,0.11175494607707584,0.4888548213604793,0.0966576332429991,0.1367812999380361
LP001868,0.0,0.0,0.0,1.0,0.0,1.0,0.5,1.0,0.03553382437969783,0.26942301859222995,0.037639265281541705,0.06927866375327485
LP001870,1.0,0.0,0.3333333333333333,1.0,0.0,1.0,0.5,0.0,0.025629100781819552,0.21876789961496154,0.4640168623908461,0.011538064333779038
LP001871,1.0,0.0,0.0,1.0,0.0,1.0,0.0,1.0,0.07237487116317655,0.3991765355359708,0.03342366757000903,0.10559958255878421
LP001872,0.0,0.0,0.0,1.0,1.0,1.0,0.5,1.0,0.046808617612308,0.31676643762545775,0.0358325805480277,0.08045255410973051
LP001875,0.0,0.0,0.0,1.0,0.0,1.0,0.0,1.0,0.07667362176022524,0.4106962863364233,0.042758205359831374,0.10872903281914141
LP001877,0.0,1.0,0.6666666666666666,1.0,0.0,1.0,0.5,1.0,0.0584856331230046,0.35781730759612557,0.04245709123757904,0.0910665949189577
LP001882,0.0,1.0,1.0,1.0,0.0,0.0,1.0,1.0,0.05910153598632444,0.3598049942468017,0.04546823246010238,0.09132613682070682
LP001883,1.0,0.0,0.0,1.0,0.0,1.0,0.0,0.0,0.0248372256718369,0.21423410406275098,0.037940379403794036,0.05883719792583896
LP001884,1.0,0.0,0.3333333333333333,1.0,0.0,1.0,1.0,1.0,0.037632921893461374,0.2789487084806993,0.024390243902439025,0.07281577145093435
LP001888,1.0,0.0,0.0,1.0,0.0,1.0,1.0,1.0,0.022562155911410545,0.2007279067949538,0.006323396567299006,0.060190620617682544
LP001891,0.0,1.0,0.0,1.0,0.0,1.0,1.0,1.0,0.12197390582970914,0.5076557575438141,0.03824149352604637,0.15331452673689247
LP001892,0.0,0.0,0.0,1.0,0.0,1.0,0.0,1.0,0.04082556122577239,0.29277039018537426,0.03523035230352303,0.07469914881127092
LP001894,0.0,1.0,0.0,1.0,0.0,1.0,0.5,1.0,0.042748686492873125,0.3007392206394226,0.04245709123757904,0.07575498157388383
LP001896,0.0,1.0,0.6666666666666666,1.0,0.0,1.0,0.5,1.0,0.03089569873551371,0.24698169000088172,0.024390243902439025,0.0662606398591136
LP001900,0.0,1.0,0.3333333333333333,1.0,0.0,1.0,0.5,1.0,0.03959375549913271,0.2875284011877455,0.03191809695874736,0.07387432192979596
LP001903,0.0,1.0,0.0,1.0,0.0,1.0,0.5,1.0,0.07321702405792001,0.401475831524175,0.05962059620596206,0.10346345758732023
LP001904,0.0,1.0,0.0,1.0,0.0,1.0,1.0,1.0,0.037218130169184745,0.27709514152219555,0.021379102679915687,0.07275190511909033
LP001907,0.0,1.0,0.0,1.0,0.0,1.0,0.5,1.0,0.1651750923854295,0.5743756882603556,0.12857573020174648,0.18515664916457403
LP001908,1.0,1.0,0.0,0.0,0.0,1.0,0.0,1.0,0.03340958797355389,0.2593960966332007,0.03462812405901837,0.0675515550772375
LP001910,0.0,0.0,0.3333333333333333,0.0,1.0,0.0,1.0,0.0,0.06331230046004173,0.3729839096662551,0.04486600421559771,0.09549103697181185
LP001914,0.0,1.0,0.0,1.0,0.0,1.0,0.5,1.0,0.041290630734809826,0.2947210738351353,0.031014754591990365,0.07562724891019579
LP001915,0.0,1.0,0.6666666666666666,1.0,0.0,1.0,1.0,1.0,0.023188114178335304,0.2045178481516007,0.044263775971093045,0.056519257588135544
LP001917,1.0,0.0,0.0,1.0,0.0,1.0,1.0,1.0,0.02557882299705875,0.21848248837647427,0.013550135501355014,0.06231043929165444
LP001922,0.0,1.0,0.0,1.0,0.0,1.0,0.0,0.0,0.24164760300661153,0.6609311918162865,0.0358325805480277,0.27002549217841265
LP001924,0.0,0.0,0.0,1.0,0.0,1.0,0.0,1.0,0.0599436888810679,0.3624973457902597,0.024089129780186694,0.0945575014403896
LP001925,1.0,0.0,0.0,1.0,1.0,1.0,0.5,0.0,0.036137157796827475,0.27219857675825915,0.033062330623306234,0.0703820565502397
LP001926,0.0,1.0,0.0,1.0,0.0,1.0,0.0,1.0,0.05357097966263606,0.34135896640233554,0.03342366757000903,0.0873039167726576
LP001931,1.0,0.0,0.0,1.0,0.0,1.0,0.5,1.0,0.033711254682118705,0.2608449513142839,0.03191809695874736,0.06815081151007185
LP001935,0.0,0.0,0.0,1.0,0.0,1.0,0.0,1.0,0.10138515297016014,0.4681992922316353,0.05359831376091539,0.13154969615932338
LP001936,0.0,1.0,0.0,1.0,0.0,1.0,0.0,1.0,0.05089368762412328,0.33191176064534095,0.039144835892803376,0.08405352813923404
LP001938,0.0,1.0,0.6666666666666666,1.0,0.0,0.0,0.5,0.0,0.037180421830614145,0.2769259471064704,0.03553146642577537,0.07111855765363251
LP001940,0.0,1.0,0.6666666666666666,1.0,0.0,1.0,1.0,1.0,0.041114658488147014,0.2939847788964681,0.037639265281541705,0.0747086608181413
LP001945,1.0,0.0,0.0,1.0,0.0,0.0,1.0,0.0,0.049963548606048416,0.3285436317096366,0.02958446251129178,0.08422712226461859
LP001947,0.0,1.0,0.0,1.0,0.0,1.0,0.5,1.0,0.053734382463108674,0.34192407883714127,0.04908160192713038,0.08569638761156226
LP001949,0.0,1.0,1.0,1.0,0.0,1.0,1.0,1.0,0.05309334070740843,0.3396996843934901,0.0304125263474857,0.08717890182521823
LP001953,0.0,1.0,0.3333333333333333,1.0,0.0,1.0,0.5,1.0,0.06828980115136127,0.3877106496369621,0.057512797350195724,0.09890720629640501
LP001954,1.0,1.0,0.3333333333333333,1.0,0.0,1.0,1.0,1.0,0.04052389451720757,0.29149683597340825,0.037940379403794036,0.07409989237843655
LP001955,1.0,0.0,0.0,1.0,0.0,1.0,0.0,0.0,0.07666105231403504,0.41066337028554584,0.03139114724480578,0.10999922545086914
LP001963,0.0,1.0,0.3333333333333333,1.0,0.0,1.0,1.0,0.0,0.04395535332713241,0.30561173326673957,0.031315868714242696,0.0781859787583298
LP001964,0.0,1.0,0.0,0.0,0.0,0.0,1.0,0.0,0.04137861685814123,0.29508840394788743,0.02529358626919603,0.07635831458109123
LP001972,0.0,1.0,0.0,0.0,0.0,1.0,0.5,1.0,0.04000854722340934,0.28930595052380415,0.02890695573622403,0.07461761732381045
LP001974,1.0,0.0,0.0,1.0,0.0,1.0,0.0,1.0,0.04472208954473466,0.3086588427083936,0.037037037037037035,0.07828653425953103
LP001977,0.0,1.0,0.3333333333333333,1.0,0.0,1.0,1.0,1.0,0.02496292013373891,0.21495930585614667,0.026196928635953028,0.06028438182826208
LP001978,0.0,0.0,0.0,1.0,0.0,1.0,0.0,1.0,0.06357625883003595,0.37378720250744996,0.03944595001505571,0.09635934731326572
LP001990,0.0,0.0,0.0,0.0,0.0,1.0,1.0,0.0,0.00701375097413208,0.08120213252279046,0.0358325805480277,0.04173325071475937
LP001993,1.0,0.0,0.0,1.0,0.0,1.0,0.0,1.0,0.05010181251414063,0.32904720041540214,0.037940379403794036,0.08341894139516681
LP001994,1.0,0.0,0.0,1.0,0.0,0.0,1.0,0.0,0.03545840770255663,0.26907388154827916,0.02860584161397169,0.07022442900781616
LP001996,0.0,0.0,0.0,1.0,0.0,1.0,0.0,0.0,0.23619246336006436,0.6556627986475588,0.14182475158084915,0.2527598408505365
LP001998,0.0,1.0,0.6666666666666666,0.0,0.0,1.0,0.0,1.0,0.07824480253400035,0.4147767976607273,0.05299608551641071,0.10910271880333518
LP002002,1.0,0.0,0.0,1.0,0.0,1.0,0.5,1.0,0.01853993313054627,0.1748886614470065,0.022583559168925023,0.054442650751720306
LP002004,0.0,0.0,0.0,0.0,0.0,1.0,0.5,1.0,0.04889514567988135,0.3246175858264575,0.03071364046973803,0.08306020285034081
LP002006,1.0,0.0,0.0,1.0,0.0,1.0,0.0,1.0,0.013386460192563916,0.13728857442650005,0.014152363745859682,0.05037966495994086
LP002008,0.0,1.0,0.6666666666666666,1.0,1.0,1.0,0.0,1.0,0.054098896402624504,0.3431800974851078,0.18312040263259777,0.07092889988399234
LP002024,0.0,1.0,0.0,1.0,0.0,1.0,0.0,0.0,0.03612458835063727,0.2721410680362764,0.045167118337850046,0.06900417441215799
LP002031,0.0,1.0,0.3333333333333333,0.0,0.0,1.0,1.0,1.0,0.045212297946152495,0.3105875742950844,0.06413730803974707,0.07570606268140756
LP002035,0.0,1.0,0.6666666666666666,1.0,0.0,1.0,0.5,1.0,0.028595490082706957,0.2350515326937559,0.03342366757000903,0.06300345693506831
LP002036,0.0,1.0,0.0,1.0,0.0,1.0,1.0,1.0,0.03456597702305236,0.26490470390050247,0.02378801565793436,0.06989966191609867
LP002043,1.0,0.0,0.3333333333333333,1.0,0.0,1.0,0.5,1.0,0.026383267553231605,0.22301015148881642,0.031014754591990365,0.06112279729098044
LP002050,0.0,1.0,0.3333333333333333,1.0,1.0,1.0,0.0,0.0,0.10756932049573896,0.4807232016287507,0.04396266184884071,0.1386538064333779
LP002051,0.0,1.0,0.0,1.0,0.0,1.0,0.5,1.0,0.039279519344377685,0.2861732477112535,0.03191809695874736,0.07356857885181924
LP002053,0.0,1.0,1.0,1.0,0.0,1.0,0.5,1.0,0.038827019281530456,0.28420873750145126,0.03462812405901837,0.07282256574155606
LP002054,0.0,1.0,0.6666666666666666,0.0,0.0,1.0,0.0,1.0,0.047122853767063023,0.3179648390904143,0.0358325805480277,0.08075829718770723
LP002055,1.0,0.0,0.0,1.0,0.0,1.0,0.0,1.0,0.05918952210965585,0.36008765467283615,0.037037037037037035,0.09236294556957897
LP002065,0.0,1.0,1.0,1.0,0.0,1.0,0.0,1.0,0.17041655144674325,0.5813743993077851,0.08762420957542909,0.19487656132798487
LP002067,0.0,1.0,0.3333333333333333,1.0,1.0,0.0,0.0,0.0,0.1534352296437819,0.5579448695234416,0.11050888286660647,0.1757723749578754
LP002068,0.0,0.0,0.0,1.0,0.0,0.0,0.0,1.0,0.04367882551094799,0.3045035332238582,0.036434808792532365,0.07733941014686538
LP002082,0.0,1.0,0.0,1.0,1.0,1.0,0.5,1.0,0.08215390029915282,0.42464725990257063,0.05269497139415838,0.11294013414647404
LP002086,1.0,1.0,0.0,1.0,0.0,1.0,1.0,0.0,0.067145981548053,0.38440296292719855,0.0304125263474857,0.10085173227233692
LP002087,1.0,0.0,0.0,1.0,0.0,1.0,1.0,1.0,0.01329847406923251,0.13659448378803632,0.017464619090635354,0.04992037091391362
LP002097,0.0,0.0,0.3333333333333333,1.0,0.0,1.0,1.0,1.0,0.05951632771060107,0.36113472733666324,0.032520325203252036,0.09319049016730262
LP002098,0.0,0.0,0.0,1.0,0.0,1.0,0.5,1.0,0.018766183161969884,0.1764157527810296,0.026799156880457694,0.05418718542434421
LP002100,0.0,0.0,0.0,1.0,0.0,1.0,1.0,1.0,0.017484099650569396,0.16763532547313326,0.018669075579644687,0.05385698290012936
LP002101,0.0,1.0,0.0,1.0,0.0,1.0,1.0,1.0,0.7779858719424823,0.9389389405350701,0.29238181270701596,0.7629240996206068
LP002103,0.0,1.0,0.3333333333333333,1.0,1.0,1.0,1.0,1.0,0.1285100178486136,0.5189748256924627,0.10689551339957844,0.15192849145006468
LP002106,0.0,1.0,0.0,1.0,1.0,1.0,0.5,1.0,0.10748133437240755,0.4805493753043067,0.018367961457392352,0.14145577188576894
LP002110,0.0,1.0,0.3333333333333333,1.0,0.0,1.0,0.0,1.0,0.05651223007114307,0.35133923460532807,0.04546823246010238,0.0888068138581787
LP002112,0.0,1.0,0.6666666666666666,1.0,1.0,1.0,0.0,1.0,0.07111792654415647,0.39570464121600185,0.050286058416139714,0.10247420887280001
LP002113,1.0,0.0,1.0,0.0,0.0,0.0,1.0,0.0,0.0048769451217979334,0.05915099206197425,0.0358325805480277,0.03965419778451771
LP002114,1.0,0.0,0.0,1.0,0.0,1.0,0.5,1.0,0.034163754744965934,0.26300249997695824,0.018669075579644687,0.07008582547913338
LP002115,0.0,1.0,1.0,0.0,0.0,1.0,0.0,0.0,0.0350938937630408,0.26737942857091546,0.04938271604938272,0.06752573677287502
LP002116,1.0,0.0,0.0,1.0,0.0,1.0,0.0,0.0,0.011765001634028004,0.12417498507482763,0.011141222523336344,0.04914174520866625
LP002119,0.0,1.0,0.3333333333333333,0.0,0.0,1.0,1.0,1.0,0.05456396591166193,0.3447734322469076,0.04486600421559771,0.08697914968094012
LP002126,0.0,1.0,1.0,0.0,0.0,1.0,0.5,1.0,0.02175771135523769,0.19577075940633545,0.019572417946401688,0.05791317440128711
LP002128,0.0,1.0,0.6666666666666666,1.0,0.0,1.0,0.0,1.0,0.04362854772618718,0.30430150969504466,0.0349292381812707,0.07746034851993172
LP002129,0.0,1.0,0.0,1.0,0.0,1.0,0.5,1.0,0.044181603358556025,0.30651477693682755,0.04546823246010238,0.07680945547837241
LP002130,0.0,1.0,0.0,0.0,0.0,0.0,0.0,0.0,0.06675632871615676,0.3832660283376828,0.04305931948208371,0.09904580982508777
LP002131,0.0,1.0,0.6666666666666666,0.0,0.0,1.0,1.0,1.0,0.047877020538475076,0.3208176159075792,0.03523035230352303,0.08156002348106839
LP002137,0.0,1.0,0.0,1.0,0.0,1.0,0.5,1.0,0.11908293320596294,0.5024797590000131,0.07527853056308341,0.14632320168715823
LP002138,0.0,1.0,0.0,1.0,0.0,1.0,0.0,1.0,0.09342869353176299,0.4510969924812479,0.05359831376091539,0.12380828142495297
LP002139,0.0,1.0,0.0,1.0,0.0,1.0,0.5,1.0,0.09604313833932476,0.45684768630016415,0.06594399277326106,0.12495923425626976
LP002140,0.0,0.0,0.0,1.0,0.0,1.0,0.0,0.0,0.14423439503255486,0.544261586398522,0.09003312255344775,0.16913027644609682
LP002141,0.0,1.0,1.0,1.0,0.0,1.0,0.0,1.0,0.04156715855099424,0.295873714306506,0.025895814513700696,0.0764738175216602
LP002142,1.0,1.0,0.0,1.0,1.0,0.0,0.0,0.0,0.051006812639835086,0.332318298371716,0.02890695573622403,0.08531862505299546
LP002143,1.0,1.0,0.0,1.0,0.0,1.0,0.5,1.0,0.01867819703863848,0.17582299971708545,0.036434808792532365,0.05301449086303797
LP002144,1.0,0.0,0.0,1.0,0.0,1.0,1.0,1.0,0.02980215691696624,0.24138140929227422,0.0671484492622704,0.060372707606344236
LP002149,0.0,1.0,0.6666666666666666,1.0,0.0,1.0,0.0,1.0,0.12642348978104026,0.5154172026875425,0.04697380307136404,0.15665867658089552
LP002151,0.0,1.0,0.3333333333333333,1.0,0.0,1.0,1.0,0.0,0.03058146258075869,0.2453853089536783,0.017464619090635354,0.06673624020263293
LP002158,0.0,1.0,0.0,0.0,0.0,0.0,1.0,0.0,0.04052389451720757,0.29149683597340825,0.019873532068654023,0.07613817956494799
LP002160,0.0,1.0,1.0,1.0,0.0,1.0,0.5,1.0,0.08662862314286432,0.43548421333243403,0.057512797350195724,0.11675037232712608
LP002161,1.0,0.0,0.3333333333333333,1.0,0.0,1.0,0.5,0.0,0.04124035295004902,0.2945109266079158,0.021680216802168025,0.07663144506408374
LP002170,0.0,1.0,0.6666666666666666,1.0,0.0,1.0,0.5,1.0,0.09081424872420121,0.44520991111891384,0.06835290575127974,0.11959989781386907
LP002175,0.0,1.0,0.0,1.0,0.0,1.0,1.0,1.0,0.07090424595892306,0.39510955967112066,0.036434808792532365,0.10382899042276794
LP002178,0.0,1.0,0.0,1.0,0.0,1.0,1.0,1.0,0.05786973025968476,0.355813576517594,0.03161698283649503,0.0916903107980302
LP002180,0.0,0.0,0.0,1.0,1.0,1.0,0.0,1.0,0.06762362050328062,0.38578955819766736,0.03974706413730804,0.10026334670449726
LP002181,0.0,0.0,0.0,0.0,0.0,1.0,0.0,0.0,0.06000653611201891,0.36269710149213724,0.03733815115928937,0.09312390611920991
LP002187,0.0,0.0,0.0,1.0,0.0,1.0,0.5,0.0,0.01329847406923251,0.13659448378803632,0.01897018970189702,0.049750513648371
LP002188,0.0,0.0,0.0,1.0,0.0,0.0,0.0,0.0,0.046280700872319565,0.31474000680212216,0.03462812405901837,0.08007479155116373
LP002190,0.0,1.0,0.3333333333333333,1.0,0.0,1.0,0.5,1.0,0.0613766057467508,0.36701229943050834,0.04998494429388738,0.09303014490863037
LP002191,0.0,1.0,0.0,1.0,0.0,1.0,0.0,0.0,0.29606073556399104,0.7081401908130158,0.16892502258355918,0.307952581286893
LP002194,1.0,0.0,0.0,1.0,1.0,1.0,0.5,1.0,0.17995676110510572,0.5936277027431964,0.01385124962360735,0.21248192718694628
LP002197,0.0,1.0,0.6666666666666666,1.0,0.0,1.0,0.5,1.0,0.04704743708992182,0.3176777499327462,0.04396266184884071,0.07976768961506267
LP002201,0.0,1.0,0.6666666666666666,1.0,1.0,1.0,0.0,1.0,0.19801905528042435,0.6152900936582867,0.13459801264679314,0.21643348661252979
LP002205,0.0,0.0,0.3333333333333333,1.0,0.0,0.0,1.0,0.0,0.0453379924080545,0.31107971640181775,0.06413730803974707,0.07582835991259824
LP002209,1.0,0.0,0.0,1.0,0.0,1.0,1.0,1.0,0.03495562985494859,0.26673366721097647,0.0304125263474857,0.06953141136440226
LP002211,0.0,1.0,0.0,1.0,0.0,1.0,1.0,1.0,0.0540234797254833,0.34292075245299153,0.06955736224028906,0.08366761243192121
LP002219,0.0,1.0,1.0,1.0,0.0,1.0,0.0,1.0,0.15465446592423138,0.5597027838267167,0.036434808792532365,0.18531563556512193
LP002223,0.0,1.0,0.0,1.0,0.0,1.0,0.5,1.0,0.03604917167349606,0.27179573564022436,0.036434808792532365,0.06991596821359075
LP002224,0.0,0.0,0.0,1.0,0.0,1.0,1.0,0.0,0.020450488951456798,0.1874980985242213,0.013324299909665764,0.057346190848905854
LP002225,0.0,1.0,0.6666666666666666,1.0,0.0,1.0,1.0,1.0,0.04963674300510319,0.3273493018094338,0.036434808792532365,0.0831362989053039
LP002226,0.0,1.0,0.0,1.0,0.0,1.0,0.5,1.0,0.05519243822117197,0.34691046677210563,0.0358325805480277,0.08860977943014925
LP002229,0.0,0.0,0.0,1.0,0.0,1.0,0.5,1.0,0.10974383468664371,0.4849809669163834,0.08641975308641975,0.1359795736446749
LP002231,1.0,0.0,0.0,1.0,0.0,1.0,1.0,1.0,0.05729153573493552,0.353917689122182,0.044263775971093045,0.08970094250399505
LP002234,0.0,0.0,0.0,1.0,1.0,1.0,1.0,1.0,0.07196007943889993,0.3980361700430747,0.0358325805480277,0.10492423007098675
LP002236,0.0,1.0,0.6666666666666666,1.0,0.0,1.0,1.0,0.0,0.039266949898187485,0.2861188873919015,0.02740138512496236,0.07406592092532803
LP002237,0.0,0.0,0.3333333333333333,1.0,0.0,1.0,1.0,1.0,0.027967017773196913,0.23168966661218496,0.0653417645287564,0.05879099674961137
LP002239,0.0,0.0,0.0,0.0,0.0,1.0,0.5,1.0,0.03147389326026295,0.24989247386882335,0.037037037037037035,0.06539640609203275
LP002243,0.0,1.0,0.0,0.0,0.0,0.0,1.0,0.0,0.05912667487870484,0.3598857872165395,0.0358325805480277,0.09243768276641773
LP002244,0.0,1.0,0.0,1.0,0.0,1.0,1.0,1.0,0.04157972799718444,0.2959259801025361,0.03824149352604637,0.07509321766732979
LP002250,0.0,1.0,0.0,1.0,0.0,1.0,0.0,1.0,0.05085597928555268,0.3317760999821625,0.0349292381812707,0.08449243931339616
LP002255,0.0,0.0,1.0,1.0,0.0,1.0,0.0,1.0,0.09709897181930165,0.4591328374922497,0.05299608551641071,0.12744730348193806
LP002262,0.0,1.0,1.0,1.0,0.0,1.0,0.0,1.0,0.10133487518539933,0.4680948376130825,0.08009635651912074,0.12851128939329703
LP002263,0.0,1.0,0.0,1.0,0.0,1.0,1.0,1.0,0.040926116795294,0.2931934604153101,0.03342366757000903,0.07500081531487461
LP002265,0.0,1.0,0.6666666666666666,0.0,0.0,1.0,0.5,1.0,0.027351114909877072,0.22835026595183894,0.0653417645287564,0.05819174031677701
LP002266,0.0,1.0,0.6666666666666666,1.0,0.0,1.0,1.0,1.0,0.038437366449634226,0.28250452788085983,0.031315868714242696,0.07281713030905869
LP002272,0.0,1.0,0.6666666666666666,1.0,0.0,1.0,0.5,1.0,0.029135976268885592,0.23790676414094553,0.037940379403794036,0.06301976323256041
LP002277,1.0,0.0,0.0,1.0,0.0,0.0,1.0,0.0,0.021845697478569095,0.196317794030765,0.018669075579644687,0.05810069682244616
LP002281,0.0,1.0,0.0,1.0,0.0,1.0,1.0,1.0,0.03833681088011262,0.2820628259897146,0.025895814513700696,0.07333077868005958
LP002284,0.0,0.0,0.0,0.0,0.0,1.0,0.0,1.0,0.051861534980768745,0.3353685852189204,0.03011141222523336,0.08601436041265804
LP002287,1.0,0.0,0.0,1.0,0.0,0.0,0.5,0.0,0.023354031021393197,0.20551278586514776,0.028304727491719358,0.058481177097261625
LP002288,0.0,1.0,0.6666666666666666,0.0,0.0,0.0,1.0,0.0,0.018187988637220643,0.17249435451952208,0.024390243902439025,0.05389638978573525
LP002296,0.0,0.0,0.0,0.0,0.0,1.0,0.0,0.0,0.01650368284773373,0.16070486854416308,0.020776874435411024,0.05266526432508235
LP002297,0.0,0.0,0.0,1.0,0.0,1.0,0.5,1.0,0.2646873978732497,0.6820255969868196,0.028304727491719358,0.29329186098337845
LP002300,1.0,0.0,0.0,0.0,0.0,1.0,0.5,1.0,0.006548681465094648,0.07656674842690012,0.013249021379102681,0.04382860994249312
LP002301,1.0,0.0,0.0,1.0,1.0,1.0,0.0,0.0,0.07540410769501496,0.4073495258876681,0.05570611261668172,0.10603305830044897
LP002305,1.0,0.0,0.0,1.0,0.0,1.0,0.5,1.0,0.03902813042057367,0.28508377307534977,0.03191809695874736,0.07332398438943787
LP002308,0.0,1.0,0.0,0.0,0.0,1.0,1.0,1.0,0.039279519344377685,0.2861732477112535,0.03191809695874736,0.07356857885181924
LP002314,1.0,0.0,0.0,0.0,0.0,1.0,0.0,1.0,0.009691043012644862,0.10632412274316927,0.017163504968383016,0.04644441183184946
LP002315,0.0,1.0,0.3333333333333333,1.0,0.0,0.0,0.5,0.0,0.0862012619723975,0.4344694184228228,0.052213188798554654,0.11693245931578775
LP002317,0.0,1.0,1.0,1.0,0.0,0.0,0.0,0.0,1.0,1.0,0.10569105691056911,1.0
LP002318,1.0,0.0,0.3333333333333333,0.0,1.0,1.0,0.5,0.0,0.030480907011237086,0.24487229115842016,0.015959048479373683,0.06680825968322299
LP002319,0.0,1.0,0.0,1.0,0.0,1.0,1.0,1.0,0.060509313959626936,0.36428938660089755,0.04546823246010238,0.09269586581004251
LP002328,0.0,1.0,0.0,0.0,0.0,0.0,0.0,0.0,0.0584982025691948,0.35785803213027123,0.06293285155073773,0.08876876583069715
LP002332,0.0,1.0,0.0,0.0,0.0,1.0,0.0,1.0,0.035747504964931245,0.2704095818439347,0.0304125263474857,0.07030188392090359
LP002335,1.0,1.0,0.0,0.0,0.0,0.0,0.5,0.0,0.049573895774152194,0.3271189627399907,0.050888286660644384,0.08144452054049942
LP002337,1.0,0.0,0.0,1.0,0.0,1.0,1.0,1.0,0.019520349933381934,0.18143925771661049,0.015356820234869015,0.05621188402961225
LP002341,1.0,0.0,0.3333333333333333,1.0,0.0,1.0,1.0,0.0,0.014555418688252596,0.14633049232184725,0.04546823246010238,0.047983998086727764
LP002342,0.0,1.0,0.6666666666666666,1.0,1.0,1.0,1.0,0.0,0.25337489630206894,0.6718920921353628,0.06925624811803674,0.27766499255345745
LP002345,0.0,1.0,0.0,1.0,0.0,1.0,0.0,1.0,0.029613615224113224,0.24040294370801352,0.031014754591990365,0.06426583613258106
LP002347,0.0,1.0,0.0,1.0,0.0,1.0,0.5,1.0,0.04048618617863697,0.29133718130138425,0.03884372177055104,0.07396128884975378
LP002348,0.0,1.0,0.0,1.0,0.0,1.0,0.0,1.0,0.055142160436411174,0.34674017940660234,0.03884372177055104,0.08822114600658774
LP002357,1.0,0.0,0.0,0.0,0.0,0.0,1.0,0.0,0.0160637522310767,0.15753102662174834,0.021379102679915687,0.052169281109697895
LP002361,0.0,1.0,0.0,1.0,0.0,1.0,1.0,1.0,0.0263581286608512,0.22286990493292314,0.02740138512496236,0.0615059952820446
LP002362,0.0,1.0,0.3333333333333333,1.0,0.0,0.0,1.0,0.0,0.09395661027175142,0.4522689740520618,0.0304125263474857,0.12693773168531022
LP002364,0.0,1.0,0.0,1.0,0.0,1.0,0.5,1.0,0.16890821790391916,0.5793805219429352,0.026196928635953028,0.20033917098783552
LP002366,0.0,1.0,0.0,1.0,0.0,1.0,0.0,1.0,0.06943362075466955,0.39097484119135134,0.03372478169226137,0.10270385589581363
LP002367,1.0,0.0,0.3333333333333333,0.0,0.0,1.0,0.0,0.0,0.03976972774579552,0.28828406812541535,0.021680216802168025,0.07520056745915273
LP002368,0.0,1.0,0.6666666666666666,1.0,0.0,1.0,0.5,1.0,0.05647452173257246,0.35121378876892057,0.03733815115928937,0.08968735392275164
LP002369,0.0,1.0,0.0,1.0,0.0,1.0,0.0,1.0,0.018780260952261246,0.1765104621301349,0.023486901535682024,0.0545745687087043
LP002370,0.0,0.0,0.0,0.0,0.0,1.0,1.0,1.0,0.016026043892506097,0.15725708537931282,0.03342366757000903,0.050773733815999735
LP002377,1.0,0.0,0.3333333333333333,1.0,1.0,1.0,0.5,1.0,0.09027376253802258,0.4439752587460516,0.04245709123757904,0.12199556468708216
LP002379,0.0,0.0,0.0,1.0,0.0,0.0,0.0,0.0,0.06357625883003595,0.37378720250744996,0.02890695573622403,0.09754834817206405
LP002386,0.0,0.0,0.0,1.0,0.0,1.0,0.5,1.0,0.14371904773875663,0.5434724032199336,0.11924119241192413,0.1653336268466882
LP002387,0.0,1.0,0.0,1.0,0.0,1.0,0.5,1.0,0.041768269690037454,0.2967086493709624,0.0403492923818127,0.07503886334235614
LP002390,0.0,0.0,0.0,1.0,0.0,1.0,1.0,1.0,0.029010281806983583,0.237245681467071,0.02740138512496236,0.06408646686016807
LP002393,1.0,1.0,0.0,1.0,0.0,1.0,0.5,1.0,0.1081600844666784,0.48188717948589715,0.05510388437217705,0.13797165965495875
LP002398,0.0,0.0,0.0,1.0,0.0,1.0,0.5,1.0,0.029349656854119006,0.23902657995917273,0.01234567901234568,0.0661152420398091
LP002401,0.0,1.0,0.0,1.0,0.0,1.0,1.0,1.0,0.02383166997662083,0.20835493294076413,0.0358325805480277,0.05809662024807314
LP002403,0.0,0.0,0.0,1.0,1.0,0.0,1.0,0.0,0.11279821011086251,0.49084081884236896,0.05359831376091539,0.14265428475143765
LP002407,1.0,1.0,0.0,0.0,1.0,1.0,0.0,1.0,0.0716458432841449,0.39716875565383564,0.03884372177055104,0.10427877246192481
LP002408,0.0,0.0,0.0,1.0,0.0,1.0,0.5,1.0,0.09153070715704266,0.4468371350064861,0.05359831376091539,0.12196159323397361
LP002409,0.0,1.0,0.0,1.0,0.0,1.0,0.0,1.0,0.10422584780914552,0.4740307032813281,0.051490514905149054,0.13455141375599255
LP002418,0.0,0.0,1.0,0.0,0.0,1.0,0.5,1.0,0.06609014806807612,0.3813100932859405,0.04185486299307437,0.09853352031221124
LP002422,0.0,0.0,0.3333333333333333,1.0,0.0,1.0,0.5,1.0,0.4559817994419166,0.8102765933372661,0.04305931948208371,0.4777514159301656
LP002424,0.0,1.0,0.0,1.0,0.0,1.0,0.0,1.0,0.17878780260941704,0.59215842335741,0.060523938572719066,0.20607898770505167
LP002429,0.0,1.0,0.3333333333333333,1.0,1.0,1.0,0.0,1.0,0.04064958897910958,0.2920282778319833,0.036434808792532365,0.07439204687516986
LP002434,0.0,1.0,0.6666666666666666,0.0,0.0,1.0,0.0,1.0,0.04034792227054476,0.2907509007560513,0.0304125263474857,0.07477796258248269
LP002435,0.0,1.0,0.0,1.0,0.0,1.0,0.0,0.0,0.04365368661856758,0.30440254201118455,0.01385124962360735,0.07986280968376654
LP002443,0.0,1.0,0.6666666666666666,1.0,0.0,0.0,0.0,0.0,0.0453505618542447,0.3111288769916068,0.04245709123757904,0.07828653425953103
LP002444,0.0,0.0,0.3333333333333333,0.0,1.0,1.0,0.5,0.0,0.03606174111968627,0.27185332441146715,0.05450165612767239,0.0678899107501984
LP002446,0.0,1.0,0.6666666666666666,0.0,0.0,0.0,0.0,0.0,0.026672364815606225,0.22461731745140281,0.0349292381812707,0.060962452032308205
LP002447,0.0,1.0,0.6666666666666666,0.0,0.0,1.0,1.0,1.0,0.024786947887076097,0.21394342909121433,0.01897018970189702,0.06092848057919969
LP002448,0.0,1.0,0.0,1.0,0.0,0.0,0.0,0.0,0.053281882400261445,0.3403559896951392,0.042155977115326704,0.08603746100077184
LP002449,0.0,1.0,0.0,1.0,0.0,0.0,0.0,1.0,0.04408104778903441,0.30611382971083095,0.051490514905149054,0.07603218863124939
LP002453,0.0,0.0,0.0,1.0,1.0,1.0,0.5,1.0,0.07092938485130346,0.39517964335236766,0.022583559168925023,0.10541613671199819
LP002455,0.0,1.0,0.6666666666666666,1.0,0.0,1.0,0.5,1.0,0.030380351441715477,0.24435821093880478,0.026196928635953028,0.06555539249258065
LP002459,0.0,1.0,0.0,1.0,0.0,1.0,1.0,1.0,0.03593604665778426,0.27127683460910895,0.03282143932550437,0.07021355814282143
LP002467,0.0,1.0,0.0,1.0,0.0,1.0,1.0,0.0,0.06077327232962116,0.36512126551615554,0.04938271604938272,0.09251106110513213
LP002472,0.0,0.0,0.6666666666666666,1.0,0.0,1.0,0.0,1.0,0.036602227305864904,0.27431708729854326,0.03824149352604637,0.07025024731217863
LP002473,0.0,1.0,0.0,1.0,0.0,1.0,0.5,0.0,0.08662862314286432,0.43548421333243403,0.04546823246010238,0.11810923045146701
LP002478,0.0,1.0,0.0,1.0,1.0,1.0,0.5,1.0,0.05937806380250886,0.36069227394712866,0.04546823246010238,0.09159519072932633
LP002484,0.0,1.0,1.0,1.0,0.0,1.0,1.0,1.0,0.07916237210588502,0.4171291560188847,0.07437518819632641,0.10758351542032199
LP002487,0.0,1.0,0.0,1.0,0.0,1.0,0.0,1.0,0.047273687121345435,0.31853802325270664,0.04336043360433604,0.08005576753742295
LP002489,1.0,0.0,0.3333333333333333,0.0,0.0,1.0,0.5,1.0,0.047122853767063023,0.3179648390904143,0.037037037037037035,0.08062241137527312
LP002493,0.0,0.0,0.0,1.0,0.0,0.0,0.5,0.0,0.03423917142210714,0.2633602752932672,0.026799156880457694,0.06924197458391763
LP002494,0.0,0.0,0.0,1.0,0.0,1.0,0.0,1.0,0.05729153573493552,0.353917689122182,0.03944595001505571,0.09024448575373142
LP002500,0.0,1.0,1.0,0.0,0.0,0.0,1.0,0.0,0.039832574976746526,0.28855339265799507,0.03944595001505571,0.07325740034134516
LP002501,0.0,1.0,0.0,1.0,0.0,1.0,0.5,1.0,0.1916840544005631,0.6079057469868265,0.0304125263474857,0.22202382893606845
LP002502,1.0,1.0,0.6666666666666666,0.0,0.0,1.0,0.5,1.0,0.021179516830488448,0.19214565553043889,0.026799156880457694,0.056535292263205375
LP002505,0.0,1.0,0.0,1.0,0.0,1.0,1.0,0.0,0.067145981548053,0.38440296292719855,0.0304125263474857,0.10085173227233692
LP002515,0.0,1.0,0.3333333333333333,1.0,1.0,1.0,0.5,1.0,0.051371326579350916,0.33362374258485056,0.04607046070460705,0.0837369141962626
LP002517,0.0,1.0,0.3333333333333333,0.0,0.0,0.0,0.0,0.0,0.03407576862163453,0.26258444267105335,0.0653417645287564,0.0647346421854787
LP002519,0.0,1.0,1.0,1.0,0.0,1.0,0.5,1.0,0.04083813067196259,0.292823313412806,0.02740138512496236,0.0755946363152116
LP002522,1.0,0.0,0.0,1.0,1.0,1.0,1.0,1.0,0.01329847406923251,0.13659448378803632,0.02529358626919603,0.049037113133091996
LP002524,0.0,0.0,0.6666666666666666,1.0,0.0,1.0,0.0,1.0,0.10983182080997511,0.4851517186335561,0.04607046070460705,0.1406173564230506
LP002527,0.0,1.0,0.6666666666666666,1.0,1.0,1.0,0.0,1.0,0.20233037532366324,0.6201928057338919,0.04245709123757904,0.23102354629357857
LP002529,0.0,1.0,0.6666666666666666,1.0,0.0,1.0,0.5,1.0,0.08808667890092763,0.43891556230650675,0.08039747064137309,0.1155871897726902
LP002530,0.0,1.0,0.6666666666666666,1.0,0.0,0.0,0.5,0.0,0.04151688076623344,0.2956645410079882,0.037037037037037035,0.07516795486416854
LP002531,0.0,1.0,0.3333333333333333,1.0,1.0,1.0,0.5,1.0,0.21965107217376004,0.638967921358235,0.023185787413429693,0.25005027775060057
LP002533,0.0,1.0,0.6666666666666666,1.0,0.0,1.0,1.0,0.0,0.039065838759144274,0.2852474994068837,0.0358325805480277,0.07291904466838427
LP002534,1.0,0.0,0.0,0.0,0.0,1.0,0.0,1.0,0.0365519495211041,0.274088928829055,0.043661547726588375,0.06958984226374894
LP002536,0.0,1.0,1.0,0.0,0.0,1.0,0.0,1.0,0.02077729455240202,0.1895922531666733,0.031315868714242696,0.05563436932676733
LP002537,0.0,1.0,0.0,1.0,0.0,1.0,0.5,1.0,0.04765077050705146,0.3199652199628348,0.0358325805480277,0.0812719455587081
LP002541,0.0,1.0,0.0,1.0,0.0,1.0,0.5,1.0,0.11803966917217627,0.5005850768535132,0.06775067750677508,0.14615742099598866
LP002543,0.0,1.0,0.6666666666666666,1.0,0.0,1.0,0.5,1.0,0.08661605369667412,0.43545442556047426,0.07136404697380307,0.11517545576101491
LP002544,0.0,1.0,0.3333333333333333,0.0,0.0,1.0,0.0,1.0,0.03710500515347294,0.27658721191996083,0.036735922914784704,0.070909293502484
LP002545,0.0,0.0,0.6666666666666666,1.0,0.0,0.0,0.0,0.0,0.02645868423037281,0.2234304163702281,0.021379102679915687,0.06228326212916761
LP002547,0.0,1.0,0.3333333333333333,1.0,0.0,1.0,1.0,0.0,0.21231051559868272,0.6311836563685678,0.14784703402589583,0.22884393786213567
LP002555,0.0,1.0,0.6666666666666666,1.0,1.0,1.0,0.5,1.0,0.0656627868976093,0.3800471790687185,0.04546823246010238,0.09771005228886062
LP002556,0.0,0.0,0.0,1.0,0.0,1.0,1.0,0.0,0.012481460066869454,0.13005495025843228,0.019873532068654023,0.04885366728630597
LP002560,0.0,0.0,0.0,0.0,0.0,1.0,0.5,1.0,0.050805701500791875,0.33159510369464823,0.026196928635953028,0.08542869256106708
LP002562,0.0,1.0,0.3333333333333333,0.0,0.0,1.0,1.0,1.0,0.06312375876718872,0.3724085333814721,0.053297199638663056,0.09435639043798714
LP002571,0.0,0.0,0.0,0.0,0.0,1.0,0.0,1.0,0.028268684481761733,0.23330904542817,0.0304125263474857,0.06302519866505778
LP002582,1.0,0.0,0.0,0.0,1.0,1.0,0.5,1.0,0.1988612081751678,0.616255406614535,0.06504065040650407,0.22510028372957636
LP002585,0.0,1.0,0.0,1.0,0.0,0.0,0.0,0.0,0.05419945197214611,0.3435254699197115,0.0331225534477567,0.08794937438171956
LP002586,1.0,1.0,0.3333333333333333,1.0,0.0,1.0,0.5,1.0,0.035156740993991804,0.26767240204683,0.13279132791327916,0.058176792877409254
LP002587,0.0,1.0,0.0,0.0,0.0,1.0,0.0,1.0,0.03592347721159406,0.2712191119260614,0.029509183980728694,0.07057501440389612
LP002588,0.0,1.0,0.0,1.0,0.0,1.0,1.0,1.0,0.0759194549888132,0.4087135569670799,1.0,0.0
LP002600,0.0,1.0,0.3333333333333333,1.0,1.0,1.0,0.5,1.0,0.01826340531436185,0.17300936797671962,0.025895814513700696,0.05379991085890705
LP002602,0.0,0.0,0.0,1.0,0.0,0.0,0.0,0.0,0.11635536338268936,0.4974953400265154,0.060222824450466735,0.14536792442574656
LP002603,1.0,0.0,0.0,1.0,0.0,1.0,0.0,1.0,0.03627542170491968,0.27283029494085126,0.022809394760614273,0.0716733114828947
LP002606,1.0,0.0,0.0,1.0,0.0,1.0,0.5,1.0,0.021581739108574877,0.1946730603458146,0.02740138512496236,0.05685870049679854
LP002615,0.0,1.0,0.6666666666666666,1.0,0.0,1.0,0.5,1.0,0.11371577968274718,0.4925745027134259,0.05992171032821439,0.14283365402385068
LP002618,0.0,1.0,0.3333333333333333,0.0,0.0,1.0,0.0,0.0,0.0994243193644888,0.4640926367523404,0.03884372177055104,0.13130646055506637
LP002619,0.0,1.0,0.0,0.0,0.0,1.0,0.5,1.0,0.04845521506322432,0.3229827555867096,0.04209575429087624,0.08134804161367121
LP002622,0.0,1.0,0.6666666666666666,1.0,0.0,1.0,0.0,1.0,0.08150028909726237,0.4230239778779695,0.07046070460704608,0.11029987281087957
LP002624,0.0,1.0,0.0,1.0,0.0,1.0,1.0,1.0,0.327534628824254,0.7318393674776762,0.14182475158084915,0.3416332387568079
LP002625,0.0,0.0,0.0,1.0,0.0,1.0,1.0,0.0,0.02691118429322004,0.22593717268027988,0.026196928635953028,0.062179988911717714
LP002626,0.0,1.0,0.0,1.0,1.0,1.0,1.0,1.0,0.05090625707031348,0.331956964396231,0.053899427883167726,0.08240115666003543
LP002634,1.0,0.0,0.3333333333333333,1.0,0.0,1.0,1.0,1.0,0.14857085396817415,0.5508047328493215,0.009334537789822343,0.18245388035525986
LP002637,0.0,0.0,0.0,0.0,0.0,1.0,0.0,0.0,0.04327660323286156,0.3028827225861956,0.02740138512496236,0.07796720260031091
LP002640,0.0,1.0,0.3333333333333333,1.0,0.0,1.0,0.5,1.0,0.0832977199024611,0.4274627088100816,0.0725685034628124,0.1118109230451467
LP002643,0.0,1.0,0.6666666666666666,1.0,0.0,1.0,1.0,1.0,0.048719173433218535,0.32396494515708,0.04185486299307437,0.08163204296165846
LP002648,0.0,1.0,0.0,1.0,0.0,1.0,0.5,0.0,0.09243570728273712,0.44887744564873927,0.03944595001505571,0.12443879159464719
LP002652,0.0,0.0,0.0,1.0,0.0,1.0,0.0,0.0,0.10104577792302472,0.46749336909248435,0.09093646492020477,0.12700703344965159
LP002659,0.0,1.0,1.0,1.0,0.0,1.0,0.0,1.0,0.06852862062897509,0.38839573853853526,0.04245709123757904,0.10083814369109348
LP002670,1.0,1.0,0.6666666666666666,1.0,0.0,1.0,0.5,1.0,0.02791673998843611,0.2314187400943471,0.022809394760614273,0.0635405456087141
LP002682,0.0,1.0,0.0,0.0,0.0,0.0,0.5,0.0,0.04313833932476935,0.3023231157561887,0.03432700993676603,0.0770513322245051
LP002683,0.0,0.0,0.0,1.0,0.0,1.0,0.5,0.0,0.06480806455667563,0.37750191023504936,0.05299608551641071,0.09602914478905086
LP002684,1.0,0.0,0.0,0.0,0.0,1.0,0.0,0.0,0.024610975640413285,0.2129233778869942,0.025895814513700696,0.05997592103403668
LP002689,0.0,1.0,0.6666666666666666,0.0,0.0,1.0,0.5,1.0,0.03132305990598054,0.24913642334328265,0.010840108401084013,0.06820516583504549
LP002690,0.0,0.0,0.0,1.0,0.0,1.0,0.5,1.0,0.01329847406923251,0.13659448378803632,0.01385124962360735,0.050328028351215914
LP002692,0.0,1.0,1.0,1.0,1.0,1.0,0.0,1.0,0.07113049599034667,0.3957396016269219,0.02740138512496236,0.1050682690321669
LP002693,0.0,1.0,0.6666666666666666,1.0,1.0,1.0,0.0,1.0,0.17184946831242615,0.5832538629778061,0.14182475158084915,0.19015588820402438
LP002697,0.0,0.0,0.0,1.0,0.0,1.0,0.5,0.0,0.06693230096281957,0.38378012756915414,0.0358325805480277,0.10003234082335931
LP002699,0.0,1.0,0.6666666666666666,1.0,1.0,1.0,0.0,1.0,0.2018401669222454,0.6196402087137871,0.11773562180066247,0.22205372381480395
LP002705,0.0,1.0,0.0,1.0,0.0,1.0,0.5,1.0,0.029324517961738607,0.23889509881344603,0.0304125263474857,0.06405249540705954
LP002706,0.0,1.0,0.3333333333333333,0.0,0.0,0.0,0.5,1.0,0.06627868976092913,0.3818652252295449,0.045769346582354715,0.09827533726858646
LP002714,0.0,0.0,0.3333333333333333,0.0,0.0,1.0,0.5,1.0,0.03191382387691998,0.2520845592392821,0.02559470039144836,0.06711536161932405
LP002716,0.0,0.0,0.0,0.0,0.0,1.0,0.5,1.0,0.06713341210186279,0.3843663687799625,0.036434808792532365,0.10016007348704736
LP002717,0.0,1.0,0.0,1.0,0.0,1.0,0.0,1.0,0.06389049498479098,0.37474012650808947,0.06233062330623306,0.09408325995499461
LP002720,0.0,1.0,1.0,1.0,0.0,1.0,1.0,1.0,0.03568465773398024,0.270119822972085,0.02740138512496236,0.07058044983639349
LP002723,0.0,0.0,0.6666666666666666,1.0,0.0,0.0,0.0,0.0,0.026974031524171046,0.22628333979442797,0.0304125263474857,0.06176553718379371
LP002729,0.0,0.0,0.3333333333333333,1.0,0.0,1.0,0.5,0.0,0.12328112823349004,0.5099612380664625,0.056308340861186384,0.15254813075476414
LP002731,1.0,0.0,0.0,0.0,1.0,1.0,1.0,1.0,0.21019884863872898,0.628898379954088,0.0349292381812707,0.23952863929382862
LP002732,0.0,0.0,0.0,0.0,0.0,1.0,0.0,1.0,0.03959375549913271,0.2875284011877455,0.03523035230352303,0.07350063594560219
LP002734,0.0,1.0,0.0,1.0,0.0,1.0,1.0,1.0,0.1080595288971568,0.48168944063459457,0.0948509485094851,0.13338959005968104
LP002738,0.0,0.0,0.6666666666666666,1.0,0.0,1.0,0.5,1.0,0.02733854546368687,0.22828164497079947,0.029509183980728694,0.06222211351357227
LP002739,0.0,1.0,0.0,0.0,0.0,1.0,0.0,0.0,0.02527715628849393,0.21676309520060563,0.017163504968383016,0.061609268499494496
LP002740,0.0,1.0,1.0,1.0,0.0,1.0,0.0,1.0,0.06253299479624928,0.3705970028400479,0.09183980728696176,0.08943324745349987
LP002741,1.0,1.0,0.3333333333333333,1.0,0.0,1.0,0.5,1.0,0.07555494104929737,0.4077495309115033,0.08160192713038242,0.10325827001054474
LP002743,1.0,0.0,0.0,1.0,0.0,0.0,0.5,0.0,0.008748334548379798,0.09776536655777031,0.02710027100271003,0.04440612464533803
LP002753,1.0,0.0,0.3333333333333333,1.0,0.0,1.0,0.5,1.0,0.0277784760803439,0.23067216390054246,0.025895814513700696,0.06305781126004197
LP002755,0.0,1.0,0.3333333333333333,0.0,0.0,1.0,1.0,1.0,0.041743130797657055,0.29660443593646457,0.0358325805480277,0.07552397569274587
LP002757,1.0,1.0,0.0,0.0,0.0,1.0,0.5,1.0,0.028130420573669525,0.23256814123669378,0.028003613369467027,0.06316244333561621
LP002767,0.0,1.0,0.0,1.0,0.0,1.0,0.0,1.0,0.04117750571909801,0.29424799215125136,0.04396266184884071,0.07405640891845763
LP002768,0.0,0.0,0.0,0.0,0.0,1.0,0.5,0.0,0.024083058900424847,0.2098378310024777,0.23818127070159592,0.035512398221526485
LP002772,0.0,0.0,0.0,1.0,0.0,1.0,0.0,1.0,0.03603660222730586,0.27173813350576764,0.04095152062631738,0.06939416669384384
LP002776,1.0,0.0,0.0,1.0,0.0,0.0,0.5,0.0,0.04472208954473466,0.3086588427083936,0.028304727491719358,0.07927170639967822
LP002777,0.0,1.0,0.0,1.0,0.0,1.0,0.0,1.0,0.04222076975288469,0.29857704838672,0.0304125263474857,0.07660019132722391
LP002778,0.0,1.0,0.6666666666666666,1.0,1.0,0.0,0.0,0.0,0.06524799517333266,0.37881523412172957,0.0358325805480277,0.09839355792540412
LP002784,0.0,1.0,0.3333333333333333,0.0,0.0,1.0,0.0,1.0,0.04305035320143794,0.3019663443609711,0.0358325805480277,0.076795866897129
LP002785,0.0,1.0,0.3333333333333333,1.0,0.0,1.0,1.0,1.0,0.06461952286382262,0.37693692312218774,0.04486600421559771,0.09676292817619499
LP002788,0.0,1.0,0.0,0.0,0.0,0.0,1.0,0.0,0.04204479750622188,0.29785211888474705,0.051791629027401385,0.07401700203285176
LP002789,0.0,1.0,0.0,1.0,0.0,0.0,0.0,0.0,0.08065813620251892,0.4209166685967186,0.07678410117434507,0.10876708084662298
LP002792,0.0,1.0,0.3333333333333333,1.0,0.0,1.0,0.5,1.0,0.06357625883003595,0.37378720250744996,0.005118940078289671,0.10023209296763742
LP002794,1.0,0.0,0.0,1.0,0.0,1.0,1.0,1.0,0.03582292164207245,0.27075684662054206,0.022583559168925023,0.07125852004043962
LP002795,0.0,1.0,1.0,1.0,1.0,1.0,0.5,1.0,0.10931647351617688,0.4841499266060367,0.07557964468533575,0.13678673537053343
LP002798,0.0,1.0,0.0,1.0,0.0,1.0,0.5,1.0,0.0642801478166872,0.37591669446518033,0.04607046070460705,0.09629683983954604
LP002804,1.0,1.0,0.0,1.0,0.0,1.0,0.5,1.0,0.06340028658337314,0.3732519628787723,0.05209274314965372,0.09476133015904076
LP002807,0.0,1.0,0.6666666666666666,0.0,0.0,1.0,0.5,1.0,0.031109379320747126,0.24806139459535353,0.02981029810298103,0.06585705899618433
LP002813,1.0,1.0,0.3333333333333333,1.0,1.0,1.0,0.5,1.0,0.22677794816360392,0.6462989943530831,0.1779584462511292,0.23952320386133122
LP002820,0.0,1.0,0.0,1.0,0.0,1.0,0.0,1.0,0.08214133085296262,0.4246161428361145,0.0608250526949714,0.11201067518942481
LP002821,0.0,0.0,0.0,0.0,1.0,1.0,0.5,1.0,0.054777646496895344,0.3455020900703772,0.037037037037037035,0.0880703127547859
LP002832,0.0,1.0,0.6666666666666666,1.0,0.0,0.0,1.0,0.0,0.09247341562130773,0.4489620957424253,0.07497741644083107,0.12046684929719856
LP002833,0.0,1.0,0.0,0.0,0.0,1.0,0.0,1.0,0.038022574725357604,0.28067742001998336,0.03342366757000903,0.07217574927436976
LP002836,0.0,0.0,0.0,1.0,0.0,1.0,1.0,1.0,0.023768822745669826,0.2079828201483614,0.018367961457392352,0.06000581591277218
LP002837,0.0,1.0,1.0,1.0,0.0,0.0,0.0,0.0,0.05603459111591543,0.3497455506218559,0.03432700993676603,0.08959902814466947
LP002840,1.0,0.0,0.0,1.0,0.0,1.0,1.0,0.0,0.011765001634028004,0.12417498507482763,0.0,0.05039868897368164
LP002841,0.0,1.0,0.0,1.0,0.0,0.0,1.0,0.0,0.04761306216848086,0.31982286897126616,0.02860584161397169,0.08205057126395547
LP002842,0.0,1.0,0.3333333333333333,1.0,0.0,1.0,1.0,1.0,0.0468211870584982,0.3168144849298422,0.053297199638663056,0.0784944395525552
LP002847,0.0,1.0,0.0,1.0,0.0,0.0,1.0,0.0,0.06441841172477941,0.3763328494617714,0.04697380307136404,0.09632945243453021
LP002855,0.0,1.0,0.6666666666666666,1.0,0.0,1.0,1.0,1.0,0.19135724879961788,0.6075187844808313,0.08009635651912074,0.2161005663720662
LP002862,0.0,1.0,0.6666666666666666,0.0,0.0,1.0,0.5,0.0,0.07928806656778703,0.41744966787403537,0.03952122854561879,0.11163800834882433
LP002863,0.0,1.0,1.0,1.0,0.0,1.0,0.5,0.0,0.06239473088815707,0.3701711117006256,0.04245709123757904,0.09487003880898803
LP002868,0.0,1.0,0.6666666666666666,1.0,0.0,1.0,1.0,1.0,0.027376253802257472,0.22848745103260484,0.1366627951993806,0.05016981844102478
LP002872,0.0,1.0,0.0,1.0,0.0,0.0,0.5,0.0,0.04845521506322432,0.3229827555867096,0.03824149352604637,0.08178287621346031
LP002874,0.0,0.0,0.0,1.0,0.0,1.0,1.0,1.0,0.05688931345684909,0.352590218593339,0.0304125263474857,0.09087227820717694
LP002877,0.0,1.0,0.3333333333333333,1.0,0.0,1.0,0.0,1.0,0.03232861560119661,0.2541338019242877,0.029509183980728694,0.06707731359184249
LP002888,0.0,0.0,0.0,1.0,0.0,1.0,1.0,1.0,0.0585359109077654,0.35798016566155566,0.045769346582354715,0.0907418278272402
LP002892,0.0,1.0,0.6666666666666666,1.0,0.0,1.0,0.5,1.0,0.06407903667764399,0.3753101299670997,0.05901836796145739,0.09464039178597441
LP002893,0.0,0.0,0.0,1.0,0.0,1.0,1.0,0.0,0.4302647125367656,0.796432487648055,0.024390243902439025,0.45483563252127973
LP002894,1.0,1.0,0.0,1.0,0.0,1.0,0.5,1.0,0.021669725231906283,0.19522251662747156,0.008130081300813009,0.05911848155757753
LP002898,0.0,1.0,0.3333333333333333,1.0,0.0,1.0,0.0,0.0,0.005505417431307977,0.06584240522058846,0.01565793435712135,0.042541771298742245
LP002911,0.0,1.0,0.3333333333333333,1.0,0.0,0.0,0.0,0.0,0.0410015334724352,0.2935102905761605,0.04125263474856971,0.0741909358727674
LP002912,0.0,1.0,0.3333333333333333,1.0,0.0,1.0,0.0,0.0,0.07341813519696322,0.4020217812091513,0.2192540973028778,0.0856494099449779
LP002916,0.0,1.0,0.0,1.0,0.0,1.0,1.0,1.0,0.029877573594107445,0.24177171817351523,0.02860584161397169,0.0647944319429497
LP002917,1.0,0.0,0.0,0.0,0.0,1.0,0.5,1.0,0.009087709595515222,0.10088062135278487,0.018367961457392352,0.04572149930970008
LP002925,0.0,0.0,0.0,1.0,0.0,1.0,0.5,1.0,0.04157972799718444,0.2959259801025361,0.02559470039144836,0.07652001869788778
LP002926,0.0,1.0,0.6666666666666666,1.0,1.0,0.0,0.5,0.0,0.016139168908217903,0.15807800384781812,0.029208069858476363,0.05135940166759069
LP002928,0.0,1.0,0.0,1.0,0.0,1.0,0.5,1.0,0.06252042535005907,0.3705583156433161,0.031014754591990365,0.09628325125830262
LP002931,0.0,1.0,0.6666666666666666,1.0,1.0,1.0,0.5,0.0,0.05729153573493552,0.353917689122182,0.08988256549232158,0.08455426735805367
LP002933,0.0,0.0,1.0,1.0,1.0,1.0,0.5,1.0,0.09948716659543981,0.4642253196339684,0.08521529659741042,0.12613600539194902
LP002936,0.0,1.0,0.0,1.0,0.0,1.0,0.0,1.0,0.07185952386937831,0.39775892707433935,0.08280638361939174,0.09952684560110449
LP002938,0.0,1.0,0.0,1.0,1.0,1.0,1.0,1.0,0.1844943311797682,0.5992500353282032,0.07557964468533575,0.20993270934568264
LP002940,0.0,0.0,0.0,0.0,0.0,1.0,0.0,1.0,0.030053545840770256,0.24268005937590417,0.0304125263474857,0.06476181934796552
LP002941,0.0,1.0,0.6666666666666666,0.0,1.0,1.0,0.0,0.0,0.07467507981598331,0.40540702932620504,0.05359831376091539,0.10556153453130264
LP002943,0.0,0.0,0.0,1.0,0.0,0.0,0.5,0.0,0.019419794363860328,0.18077530172779632,0.02378801565793436,0.05516284555762102
LP002945,0.0,1.0,0.0,1.0,1.0,1.0,0.0,1.0,0.10710425098670152,0.47980302357752513,0.051490514905149054,0.13735202035025926
LP002948,0.0,1.0,0.6666666666666666,1.0,0.0,1.0,1.0,1.0,0.05452625757309133,0.34464462325119793,0.05510388437217705,0.0857874311058931
LP002949,1.0,0.0,1.0,1.0,0.0,1.0,1.0,0.0,0.5108348626159531,0.8374534923674583,0.20806985847636256,0.5125055713183098
LP002950,0.0,1.0,0.0,0.0,0.0,1.0,0.0,1.0,0.05334472963121245,0.3405743730973898,0.04396266184884071,0.08589478089771603
LP002953,0.0,1.0,1.0,1.0,0.0,1.0,1.0,1.0,0.05355841021644586,0.3413154428820474,0.0358325805480277,0.08701991542467034
LP002958,0.0,0.0,0.0,1.0,0.0,1.0,0.0,1.0,0.08214133085296262,0.4246161428361145,0.04908160192713038,0.11333556186065726
LP002959,1.0,1.0,0.3333333333333333,1.0,0.0,1.0,0.5,1.0,0.13270821287614068,0.5259820480425391,0.1466425775368865,0.15152898716150845
LP002960,0.0,1.0,0.0,0.0,0.0,1.0,1.0,0.0,0.05980542497297569,0.3620573166087893,0.07437518819632641,0.08874974181695637
LP002961,0.0,1.0,0.3333333333333333,1.0,0.0,1.0,0.5,1.0,0.05603459111591543,0.3497455506218559,0.04938271604938272,0.08790045548924327
LP002964,0.0,1.0,0.6666666666666666,0.0,0.0,1.0,0.0,1.0,0.0497247291284346,0.3276714178582097,0.044564890093345376,0.08230467773320722
LP002974,0.0,1.0,0.0,1.0,0.0,1.0,0.0,1.0,0.04700972875135122,0.3175340807492272,0.02981029810298103,0.08132765874180609
LP002978,1.0,0.0,0.0,1.0,0.0,1.0,0.0,1.0,0.018326252545312855,0.1734377311500203,0.018669075579644687,0.05467637434910695
LP002979,0.0,1.0,1.0,1.0,0.0,1.0,0.0,1.0,0.033485004650695094,0.2597591038594718,0.021379102679915687,0.06911967735272695
LP002983,0.0,1.0,0.3333333333333333,1.0,0.0,1.0,1.0,1.0,0.08635209532667991,0.4348280552258653,0.07347184582956941,0.1146808314037548
LP002984,0.0,1.0,0.6666666666666666,1.0,0.0,1.0,1.0,1.0,0.07718896905402348,0.41204210018363946,0.05359831376091539,0.10800747915511637
LP002990,1.0,0.0,0.0,1.0,1.0,0.0,0.5,0.0,0.0394806304834209,0.2870413977452334,0.03733815115928937,0.07315276826577091
